start_utc,tour,category,tournament,surface,best_of,player_a,player_b,market,selection,line,model_probability,fair_odds,bookmaker_odds,implied_fair,edge_pp,ev,low_confidence,data_quality,match_id
2026-10-05 07:00,atp,ATP 500,China Open,Hard,3,Alex de Minaur,Hubert Hurkacz,winner,player_a,,0.6068,1.65,1.73,0.5553,5.1,0.0497,0,100,1902858
2026-10-05 07:00,atp,ATP 500,China Open,Hard,3,Alex de Minaur,Hubert Hurkacz,winner,player_b,,0.3932,2.54,2.16,0.4447,-5.1,-0.1506,0,100,1902858
2026-10-05 07:00,atp,ATP 500,China Open,Hard,3,Alex de Minaur,Hubert Hurkacz,total_games,over,19.5,0.7129,1.4,1.29,0.7389,-2.6,-0.0804,0,100,1902858
2026-10-05 07:00,atp,ATP 500,China Open,Hard,3,Alex de Minaur,Hubert Hurkacz,total_games,under,19.5,0.2871,3.48,3.65,0.2611,2.6,0.0481,0,100,1902858
2026-10-05 07:00,atp,ATP 500,China Open,Hard,3,Alex de Minaur,Hubert Hurkacz,total_games,over,20.5,0.6327,1.58,1.44,0.6604,-2.8,-0.0889,0,100,1902858
2026-10-05 07:00,atp,ATP 500,China Open,Hard,3,Alex de Minaur,Hubert Hurkacz,total_games,under,20.5,0.3673,2.72,2.8,0.3396,2.8,0.0284,0,100,1902858
2026-10-05 07:00,atp,ATP 500,China Open,Hard,3,Alex de Minaur,Hubert Hurkacz,total_games,over,21.5,0.579,1.73,1.57,0.6075,-2.9,-0.091,0,100,1902858
2026-10-05 07:00,atp,ATP 500,China Open,Hard,3,Alex de Minaur,Hubert Hurkacz,total_games,under,21.5,0.421,2.38,2.43,0.3925,2.9,0.0231,0,100,1902858
2026-10-05 07:00,atp,ATP 500,China Open,Hard,3,Alex de Minaur,Hubert Hurkacz,total_games,over,22.5,0.4972,2.01,1.81,0.5249,-2.8,-0.1001,0,100,1902858
2026-10-05 07:00,atp,ATP 500,China Open,Hard,3,Alex de Minaur,Hubert Hurkacz,total_games,under,22.5,0.5028,1.99,2.0,0.4751,2.8,0.0056,0,100,1902858
2026-10-05 07:00,atp,ATP 500,China Open,Hard,3,Alex de Minaur,Hubert Hurkacz,total_games,over,23.5,0.436,2.29,2.06,0.4621,-2.6,-0.1018,0,100,1902858
2026-10-05 07:00,atp,ATP 500,China Open,Hard,3,Alex de Minaur,Hubert Hurkacz,total_games,under,23.5,0.564,1.77,1.77,0.5379,2.6,-0.0017,0,100,1902858
2026-10-05 07:00,atp,ATP 500,China Open,Hard,3,Alex de Minaur,Hubert Hurkacz,total_games,over,24.5,0.4253,2.35,2.11,0.4505,-2.5,-0.1025,0,100,1902858
2026-10-05 07:00,atp,ATP 500,China Open,Hard,3,Alex de Minaur,Hubert Hurkacz,total_games,under,24.5,0.5747,1.74,1.73,0.5495,2.5,-0.0058,0,100,1902858
2026-10-05 07:00,atp,ATP 500,China Open,Hard,3,Alex de Minaur,Hubert Hurkacz,total_games,over,25.5,0.3926,2.55,2.29,0.4158,-2.3,-0.101,0,100,1902858
2026-10-05 07:00,atp,ATP 500,China Open,Hard,3,Alex de Minaur,Hubert Hurkacz,total_games,under,25.5,0.6074,1.65,1.63,0.5842,2.3,-0.0099,0,100,1902858
2026-10-05 07:00,atp,ATP 500,China Open,Hard,3,Alex de Minaur,Hubert Hurkacz,p1_games,over,11.5,0.7682,1.3,1.3,0.7204,4.8,-0.0014,0,100,1902858
2026-10-05 07:00,atp,ATP 500,China Open,Hard,3,Alex de Minaur,Hubert Hurkacz,p1_games,under,11.5,0.2318,4.31,3.35,0.2796,-4.8,-0.2234,0,100,1902858
2026-10-05 07:00,atp,ATP 500,China Open,Hard,3,Alex de Minaur,Hubert Hurkacz,p1_games,over,12.5,0.5233,1.91,1.73,0.5411,-1.8,-0.0947,0,100,1902858
2026-10-05 07:00,atp,ATP 500,China Open,Hard,3,Alex de Minaur,Hubert Hurkacz,p1_games,under,12.5,0.4767,2.1,2.04,0.4589,1.8,-0.0276,0,100,1902858
2026-10-05 07:00,atp,ATP 500,China Open,Hard,3,Alex de Minaur,Hubert Hurkacz,p1_games,over,13.5,0.346,2.89,2.5,0.3734,-2.7,-0.135,0,100,1902858
2026-10-05 07:00,atp,ATP 500,China Open,Hard,3,Alex de Minaur,Hubert Hurkacz,p1_games,under,13.5,0.654,1.53,1.49,0.6266,2.7,-0.0255,0,100,1902858
2026-10-05 07:00,atp,ATP 500,China Open,Hard,3,Alex de Minaur,Hubert Hurkacz,p2_games,over,11.5,0.5909,1.69,1.45,0.6463,-5.5,-0.1432,0,100,1902858
2026-10-05 07:00,atp,ATP 500,China Open,Hard,3,Alex de Minaur,Hubert Hurkacz,p2_games,under,11.5,0.4091,2.44,2.65,0.3537,5.5,0.0841,0,100,1902858
2026-10-05 07:00,atp,ATP 500,China Open,Hard,3,Alex de Minaur,Hubert Hurkacz,p2_games,over,12.5,0.4436,2.25,1.86,0.5027,-5.9,-0.1748,0,100,1902858
2026-10-05 07:00,atp,ATP 500,China Open,Hard,3,Alex de Minaur,Hubert Hurkacz,p2_games,under,12.5,0.5564,1.8,1.88,0.4973,5.9,0.046,0,100,1902858
2026-10-05 07:00,atp,ATP 500,China Open,Hard,3,Alex de Minaur,Hubert Hurkacz,p2_games,over,13.5,0.3107,3.22,2.6,0.3596,-4.9,-0.1922,0,100,1902858
2026-10-05 07:00,atp,ATP 500,China Open,Hard,3,Alex de Minaur,Hubert Hurkacz,p2_games,under,13.5,0.6893,1.45,1.46,0.6404,4.9,0.0064,0,100,1902858
2026-10-05 07:00,atp,ATP 500,China Open,Hard,3,Alex de Minaur,Hubert Hurkacz,game_handicap,player_a,-1.5,0.5525,1.81,,,,,0,100,1902858
2026-10-05 07:00,atp,ATP 500,China Open,Hard,3,Alex de Minaur,Hubert Hurkacz,game_handicap,player_b,1.5,0.4475,2.23,,,,,0,100,1902858
2026-10-05 11:00,atp,ATP 500,China Open,Hard,3,Novak Djokovic,Daniil Medvedev,winner,player_a,,0.7082,1.41,2.32,0.4141,29.4,0.643,0,100,1902937
2026-10-05 11:00,atp,ATP 500,China Open,Hard,3,Novak Djokovic,Daniil Medvedev,winner,player_b,,0.2918,3.43,1.64,0.5859,-29.4,-0.5214,0,100,1902937
2026-10-05 11:00,atp,ATP 500,China Open,Hard,3,Novak Djokovic,Daniil Medvedev,total_games,over,21.5,0.517,1.93,1.53,0.6117,-9.5,-0.209,0,100,1902937
2026-10-05 11:00,atp,ATP 500,China Open,Hard,3,Novak Djokovic,Daniil Medvedev,total_games,under,21.5,0.483,2.07,2.41,0.3883,9.5,0.1641,0,100,1902937
2026-10-05 11:00,atp,ATP 500,China Open,Hard,3,Novak Djokovic,Daniil Medvedev,total_games,over,22.5,0.4438,2.25,1.77,0.528,-8.4,-0.2145,0,100,1902937
2026-10-05 11:00,atp,ATP 500,China Open,Hard,3,Novak Djokovic,Daniil Medvedev,total_games,under,22.5,0.5562,1.8,1.98,0.472,8.4,0.1013,0,100,1902937
2026-10-05 11:00,atp,ATP 500,China Open,Hard,3,Novak Djokovic,Daniil Medvedev,total_games,over,23.5,0.3924,2.55,2.01,0.4654,-7.3,-0.2112,0,100,1902937
2026-10-05 11:00,atp,ATP 500,China Open,Hard,3,Novak Djokovic,Daniil Medvedev,total_games,under,23.5,0.6076,1.65,1.75,0.5346,7.3,0.0632,0,100,1902937
2026-10-05 11:00,atp,ATP 500,China Open,Hard,3,Novak Djokovic,Daniil Medvedev,p1_games,over,11.5,0.8342,1.2,1.51,0.6177,21.7,0.2597,0,100,1902937
2026-10-05 11:00,atp,ATP 500,China Open,Hard,3,Novak Djokovic,Daniil Medvedev,p1_games,under,11.5,0.1658,6.03,2.44,0.3823,-21.7,-0.5955,0,100,1902937
2026-10-05 11:00,atp,ATP 500,China Open,Hard,3,Novak Djokovic,Daniil Medvedev,p1_games,over,12.5,0.5078,1.97,1.95,0.48,2.8,-0.0098,0,100,1902937
2026-10-05 11:00,atp,ATP 500,China Open,Hard,3,Novak Djokovic,Daniil Medvedev,p1_games,under,12.5,0.4922,2.03,1.8,0.52,-2.8,-0.114,0,100,1902937
2026-10-05 11:00,atp,ATP 500,China Open,Hard,3,Novak Djokovic,Daniil Medvedev,p1_games,over,13.5,0.3208,3.12,2.7,0.3462,-2.5,-0.1338,0,100,1902937
2026-10-05 11:00,atp,ATP 500,China Open,Hard,3,Novak Djokovic,Daniil Medvedev,p1_games,under,13.5,0.6792,1.47,1.43,0.6538,2.5,-0.0288,0,100,1902937
2026-10-05 11:00,atp,ATP 500,China Open,Hard,3,Novak Djokovic,Daniil Medvedev,p2_games,over,11.5,0.4766,2.1,1.26,0.7407,-26.4,-0.3995,0,100,1902937
2026-10-05 11:00,atp,ATP 500,China Open,Hard,3,Novak Djokovic,Daniil Medvedev,p2_games,under,11.5,0.5234,1.91,3.6,0.2593,26.4,0.8843,0,100,1902937
2026-10-05 11:00,atp,ATP 500,China Open,Hard,3,Novak Djokovic,Daniil Medvedev,p2_games,over,12.5,0.3606,2.77,1.72,0.5438,-18.3,-0.3798,0,100,1902937
2026-10-05 11:00,atp,ATP 500,China Open,Hard,3,Novak Djokovic,Daniil Medvedev,p2_games,under,12.5,0.6394,1.56,2.05,0.4562,18.3,0.3108,0,100,1902937
2026-10-05 11:00,atp,ATP 500,China Open,Hard,3,Novak Djokovic,Daniil Medvedev,p2_games,over,13.5,0.2538,3.94,2.5,0.3734,-12.0,-0.3655,0,100,1902937
2026-10-05 11:00,atp,ATP 500,China Open,Hard,3,Novak Djokovic,Daniil Medvedev,p2_games,under,13.5,0.7462,1.34,1.49,0.6266,12.0,0.1118,0,100,1902937
2026-10-05 11:00,atp,ATP 500,China Open,Hard,3,Novak Djokovic,Daniil Medvedev,game_handicap,player_a,-3.5,0.5249,1.91,,,,,0,100,1902937
2026-10-05 11:00,atp,ATP 500,China Open,Hard,3,Novak Djokovic,Daniil Medvedev,game_handicap,player_b,3.5,0.4751,2.1,,,,,0,100,1902937
2026-10-05 07:00,atp,ATP 500,Japan Open (Tokyo),Hard,3,Carlos Alcaraz,Jaume Munar,winner,player_a,,0.908,1.1,1.11,0.8664,4.2,0.0079,0,100,1902782
2026-10-05 07:00,atp,ATP 500,Japan Open (Tokyo),Hard,3,Carlos Alcaraz,Jaume Munar,winner,player_b,,0.092,10.87,7.2,0.1336,-4.2,-0.3378,0,100,1902782
2026-10-05 07:00,atp,ATP 500,Japan Open (Tokyo),Hard,3,Carlos Alcaraz,Jaume Munar,total_games,over,16.5,0.7248,1.38,1.19,0.8013,-7.7,-0.1375,0,100,1902782
2026-10-05 07:00,atp,ATP 500,Japan Open (Tokyo),Hard,3,Carlos Alcaraz,Jaume Munar,total_games,under,16.5,0.2752,3.63,4.8,0.1987,7.7,0.3209,0,100,1902782
2026-10-05 07:00,atp,ATP 500,Japan Open (Tokyo),Hard,3,Carlos Alcaraz,Jaume Munar,total_games,over,17.5,0.6068,1.65,1.35,0.7065,-10.0,-0.1809,0,100,1902782
2026-10-05 07:00,atp,ATP 500,Japan Open (Tokyo),Hard,3,Carlos Alcaraz,Jaume Munar,total_games,under,17.5,0.3932,2.54,3.25,0.2935,10.0,0.278,0,100,1902782
2026-10-05 07:00,atp,ATP 500,Japan Open (Tokyo),Hard,3,Carlos Alcaraz,Jaume Munar,total_games,over,18.5,0.5038,1.99,1.57,0.6065,-10.3,-0.2091,0,100,1902782
2026-10-05 07:00,atp,ATP 500,Japan Open (Tokyo),Hard,3,Carlos Alcaraz,Jaume Munar,total_games,under,18.5,0.4962,2.02,2.42,0.3935,10.3,0.2009,0,100,1902782
2026-10-05 07:00,atp,ATP 500,Japan Open (Tokyo),Hard,3,Carlos Alcaraz,Jaume Munar,total_games,over,19.5,0.4207,2.38,1.83,0.5209,-10.0,-0.2301,0,100,1902782
2026-10-05 07:00,atp,ATP 500,Japan Open (Tokyo),Hard,3,Carlos Alcaraz,Jaume Munar,total_games,under,19.5,0.5793,1.73,1.99,0.4791,10.0,0.1528,0,100,1902782
2026-10-05 07:00,atp,ATP 500,Japan Open (Tokyo),Hard,3,Carlos Alcaraz,Jaume Munar,total_games,over,20.5,0.3517,2.84,2.15,0.443,-9.1,-0.2438,0,100,1902782
2026-10-05 07:00,atp,ATP 500,Japan Open (Tokyo),Hard,3,Carlos Alcaraz,Jaume Munar,total_games,under,20.5,0.6483,1.54,1.71,0.557,9.1,0.1085,0,100,1902782
2026-10-05 07:00,atp,ATP 500,Japan Open (Tokyo),Hard,3,Carlos Alcaraz,Jaume Munar,total_games,over,21.5,0.3056,3.27,2.44,0.39,-8.4,-0.2545,0,100,1902782
2026-10-05 07:00,atp,ATP 500,Japan Open (Tokyo),Hard,3,Carlos Alcaraz,Jaume Munar,total_games,under,21.5,0.6944,1.44,1.56,0.61,8.4,0.0833,0,100,1902782
2026-10-05 07:00,atp,ATP 500,Japan Open (Tokyo),Hard,3,Carlos Alcaraz,Jaume Munar,total_games,over,22.5,0.2557,3.91,2.9,0.3287,-7.3,-0.2585,0,100,1902782
2026-10-05 07:00,atp,ATP 500,Japan Open (Tokyo),Hard,3,Carlos Alcaraz,Jaume Munar,total_games,under,22.5,0.7443,1.34,1.42,0.6713,7.3,0.0569,0,100,1902782
2026-10-05 07:00,atp,ATP 500,Japan Open (Tokyo),Hard,3,Carlos Alcaraz,Jaume Munar,p1_games,over,11.5,0.9545,1.05,1.03,0.9049,5.0,-0.0169,0,100,1902782
2026-10-05 07:00,atp,ATP 500,Japan Open (Tokyo),Hard,3,Carlos Alcaraz,Jaume Munar,p1_games,under,11.5,0.0455,21.98,9.8,0.0951,-5.0,-0.5542,0,100,1902782
2026-10-05 07:00,atp,ATP 500,Japan Open (Tokyo),Hard,3,Carlos Alcaraz,Jaume Munar,p1_games,over,12.5,0.3774,2.65,2.06,0.4536,-7.6,-0.2226,0,100,1902782
2026-10-05 07:00,atp,ATP 500,Japan Open (Tokyo),Hard,3,Carlos Alcaraz,Jaume Munar,p1_games,under,12.5,0.6226,1.61,1.71,0.5464,7.6,0.0647,0,100,1902782
2026-10-05 07:00,atp,ATP 500,Japan Open (Tokyo),Hard,3,Carlos Alcaraz,Jaume Munar,p1_games,over,13.5,0.2025,4.94,3.6,0.2593,-5.7,-0.2709,0,100,1902782
2026-10-05 07:00,atp,ATP 500,Japan Open (Tokyo),Hard,3,Carlos Alcaraz,Jaume Munar,p1_games,under,13.5,0.7975,1.25,1.26,0.7407,5.7,0.0048,0,100,1902782
2026-10-05 07:00,atp,ATP 500,Japan Open (Tokyo),Hard,3,Carlos Alcaraz,Jaume Munar,p2_games,over,6.5,0.4953,2.02,1.62,0.577,-8.2,-0.1977,0,100,1902782
2026-10-05 07:00,atp,ATP 500,Japan Open (Tokyo),Hard,3,Carlos Alcaraz,Jaume Munar,p2_games,under,6.5,0.5047,1.98,2.21,0.423,8.2,0.1155,0,100,1902782
2026-10-05 07:00,atp,ATP 500,Japan Open (Tokyo),Hard,3,Carlos Alcaraz,Jaume Munar,p2_games,over,7.5,0.4014,2.49,1.93,0.4853,-8.4,-0.2254,0,100,1902782
2026-10-05 07:00,atp,ATP 500,Japan Open (Tokyo),Hard,3,Carlos Alcaraz,Jaume Munar,p2_games,under,7.5,0.5986,1.67,1.82,0.5147,8.4,0.0895,0,100,1902782
2026-10-05 07:00,atp,ATP 500,Japan Open (Tokyo),Hard,3,Carlos Alcaraz,Jaume Munar,p2_games,over,8.5,0.326,3.07,2.31,0.4046,-7.9,-0.247,0,100,1902782
2026-10-05 07:00,atp,ATP 500,Japan Open (Tokyo),Hard,3,Carlos Alcaraz,Jaume Munar,p2_games,under,8.5,0.674,1.48,1.57,0.5954,7.9,0.0582,0,100,1902782
2026-10-05 07:00,atp,ATP 500,Japan Open (Tokyo),Hard,3,Carlos Alcaraz,Jaume Munar,game_handicap,player_a,-5.5,0.5748,1.74,,,,,0,100,1902782
2026-10-05 07:00,atp,ATP 500,Japan Open (Tokyo),Hard,3,Carlos Alcaraz,Jaume Munar,game_handicap,player_b,5.5,0.4252,2.35,,,,,0,100,1902782
2026-10-05 09:00,atp,ATP 500,Japan Open (Tokyo),Hard,3,Jiri Lehecka,Valentin Vacherot,winner,player_a,,0.6038,1.66,1.53,0.6295,-2.6,-0.0763,0,100,1902903
2026-10-05 09:00,atp,ATP 500,Japan Open (Tokyo),Hard,3,Jiri Lehecka,Valentin Vacherot,winner,player_b,,0.3962,2.52,2.6,0.3705,2.6,0.0302,0,100,1902903
2026-10-05 09:00,atp,ATP 500,Japan Open (Tokyo),Hard,3,Jiri Lehecka,Valentin Vacherot,total_games,over,21.5,0.6098,1.64,1.52,0.6152,-0.5,-0.0731,0,100,1902903
2026-10-05 09:00,atp,ATP 500,Japan Open (Tokyo),Hard,3,Jiri Lehecka,Valentin Vacherot,total_games,under,21.5,0.3902,2.56,2.43,0.3848,0.5,-0.0518,0,100,1902903
2026-10-05 09:00,atp,ATP 500,Japan Open (Tokyo),Hard,3,Jiri Lehecka,Valentin Vacherot,total_games,over,22.5,0.5205,1.92,1.77,0.5293,-0.9,-0.0788,0,100,1902903
2026-10-05 09:00,atp,ATP 500,Japan Open (Tokyo),Hard,3,Jiri Lehecka,Valentin Vacherot,total_games,under,22.5,0.4795,2.09,1.99,0.4707,0.9,-0.0457,0,100,1902903
2026-10-05 09:00,atp,ATP 500,Japan Open (Tokyo),Hard,3,Jiri Lehecka,Valentin Vacherot,total_games,over,23.5,0.45,2.22,2.02,0.4628,-1.3,-0.0911,0,100,1902903
2026-10-05 09:00,atp,ATP 500,Japan Open (Tokyo),Hard,3,Jiri Lehecka,Valentin Vacherot,total_games,under,23.5,0.55,1.82,1.74,0.5372,1.3,-0.0429,0,100,1902903
2026-10-05 09:00,atp,ATP 500,Japan Open (Tokyo),Hard,3,Jiri Lehecka,Valentin Vacherot,p1_games,over,11.5,0.7751,1.29,1.21,0.7721,0.3,-0.0621,0,100,1902903
2026-10-05 09:00,atp,ATP 500,Japan Open (Tokyo),Hard,3,Jiri Lehecka,Valentin Vacherot,p1_games,under,11.5,0.2249,4.45,4.1,0.2279,-0.3,-0.078,0,100,1902903
2026-10-05 09:00,atp,ATP 500,Japan Open (Tokyo),Hard,3,Jiri Lehecka,Valentin Vacherot,p1_games,over,12.5,0.5467,1.83,1.66,0.5632,-1.6,-0.0925,0,100,1902903
2026-10-05 09:00,atp,ATP 500,Japan Open (Tokyo),Hard,3,Jiri Lehecka,Valentin Vacherot,p1_games,under,12.5,0.4533,2.21,2.14,0.4368,1.6,-0.0299,0,100,1902903
2026-10-05 09:00,atp,ATP 500,Japan Open (Tokyo),Hard,3,Jiri Lehecka,Valentin Vacherot,p1_games,over,13.5,0.3637,2.75,2.45,0.3813,-1.8,-0.1089,0,100,1902903
2026-10-05 09:00,atp,ATP 500,Japan Open (Tokyo),Hard,3,Jiri Lehecka,Valentin Vacherot,p1_games,under,13.5,0.6363,1.57,1.51,0.6187,1.8,-0.0392,0,100,1902903
2026-10-05 09:00,atp,ATP 500,Japan Open (Tokyo),Hard,3,Jiri Lehecka,Valentin Vacherot,p2_games,over,11.5,0.6057,1.65,1.59,0.5881,1.8,-0.0369,0,100,1902903
2026-10-05 09:00,atp,ATP 500,Japan Open (Tokyo),Hard,3,Jiri Lehecka,Valentin Vacherot,p2_games,under,11.5,0.3943,2.54,2.27,0.4119,-1.8,-0.105,0,100,1902903
2026-10-05 09:00,atp,ATP 500,Japan Open (Tokyo),Hard,3,Jiri Lehecka,Valentin Vacherot,p2_games,over,12.5,0.4655,2.15,2.02,0.4628,0.3,-0.0596,0,100,1902903
2026-10-05 09:00,atp,ATP 500,Japan Open (Tokyo),Hard,3,Jiri Lehecka,Valentin Vacherot,p2_games,under,12.5,0.5345,1.87,1.74,0.5372,-0.3,-0.0701,0,100,1902903
2026-10-05 09:00,atp,ATP 500,Japan Open (Tokyo),Hard,3,Jiri Lehecka,Valentin Vacherot,p2_games,over,13.5,0.3299,3.03,2.75,0.3389,-0.9,-0.0929,0,100,1902903
2026-10-05 09:00,atp,ATP 500,Japan Open (Tokyo),Hard,3,Jiri Lehecka,Valentin Vacherot,p2_games,under,13.5,0.6701,1.49,1.41,0.6611,0.9,-0.0551,0,100,1902903
2026-10-05 09:00,atp,ATP 500,Japan Open (Tokyo),Hard,3,Jiri Lehecka,Valentin Vacherot,game_handicap,player_a,-1.5,0.5465,1.83,,,,,0,100,1902903
2026-10-05 09:00,atp,ATP 500,Japan Open (Tokyo),Hard,3,Jiri Lehecka,Valentin Vacherot,game_handicap,player_b,1.5,0.4535,2.2,,,,,0,100,1902903
2026-10-05 03:00,wta,WTA 1000,China Open,Hard,3,Donna Vekic,Iga Swiatek,winner,player_a,,0.0972,10.29,8.0,0.1199,-2.3,-0.2222,0,100,1902606
2026-10-05 03:00,wta,WTA 1000,China Open,Hard,3,Donna Vekic,Iga Swiatek,winner,player_b,,0.9028,1.11,1.09,0.8801,2.3,-0.016,0,100,1902606
2026-10-05 03:00,wta,WTA 1000,China Open,Hard,3,Donna Vekic,Iga Swiatek,total_games,over,15.5,0.7131,1.4,1.19,0.8013,-8.8,-0.1514,0,100,1902606
2026-10-05 03:00,wta,WTA 1000,China Open,Hard,3,Donna Vekic,Iga Swiatek,total_games,under,15.5,0.2869,3.49,4.8,0.1987,8.8,0.3771,0,100,1902606
2026-10-05 03:00,wta,WTA 1000,China Open,Hard,3,Donna Vekic,Iga Swiatek,total_games,over,16.5,0.5922,1.69,1.37,0.6935,-10.1,-0.1887,0,100,1902606
2026-10-05 03:00,wta,WTA 1000,China Open,Hard,3,Donna Vekic,Iga Swiatek,total_games,under,16.5,0.4078,2.45,3.1,0.3065,10.1,0.2642,0,100,1902606
2026-10-05 03:00,wta,WTA 1000,China Open,Hard,3,Donna Vekic,Iga Swiatek,total_games,over,17.5,0.4844,2.06,1.63,0.5852,-10.1,-0.2105,0,100,1902606
2026-10-05 03:00,wta,WTA 1000,China Open,Hard,3,Donna Vekic,Iga Swiatek,total_games,under,17.5,0.5156,1.94,2.3,0.4148,10.1,0.1859,0,100,1902606
2026-10-05 03:00,wta,WTA 1000,China Open,Hard,3,Donna Vekic,Iga Swiatek,total_games,over,18.5,0.399,2.51,1.93,0.4934,-9.4,-0.23,0,100,1902606
2026-10-05 03:00,wta,WTA 1000,China Open,Hard,3,Donna Vekic,Iga Swiatek,total_games,under,18.5,0.601,1.66,1.88,0.5066,9.4,0.1299,0,100,1902606
2026-10-05 03:00,wta,WTA 1000,China Open,Hard,3,Donna Vekic,Iga Swiatek,total_games,over,19.5,0.333,3.0,2.29,0.4158,-8.3,-0.2375,0,100,1902606
2026-10-05 03:00,wta,WTA 1000,China Open,Hard,3,Donna Vekic,Iga Swiatek,total_games,under,19.5,0.667,1.5,1.63,0.5842,8.3,0.0873,0,100,1902606
2026-10-05 03:00,wta,WTA 1000,China Open,Hard,3,Donna Vekic,Iga Swiatek,total_games,over,20.5,0.2809,3.56,2.7,0.3525,-7.2,-0.2415,0,100,1902606
2026-10-05 03:00,wta,WTA 1000,China Open,Hard,3,Donna Vekic,Iga Swiatek,total_games,under,20.5,0.7191,1.39,1.47,0.6475,7.2,0.057,0,100,1902606
2026-10-05 03:00,wta,WTA 1000,China Open,Hard,3,Donna Vekic,Iga Swiatek,total_games,over,21.5,0.2454,4.07,3.05,0.3115,-6.6,-0.2514,0,100,1902606
2026-10-05 03:00,wta,WTA 1000,China Open,Hard,3,Donna Vekic,Iga Swiatek,total_games,under,21.5,0.7546,1.33,1.38,0.6885,6.6,0.0413,0,100,1902606
2026-10-05 03:00,wta,WTA 1000,China Open,Hard,3,Donna Vekic,Iga Swiatek,p1_games,over,5.5,0.4888,2.05,1.55,0.6036,-11.5,-0.2424,0,100,1902606
2026-10-05 03:00,wta,WTA 1000,China Open,Hard,3,Donna Vekic,Iga Swiatek,p1_games,under,5.5,0.5112,1.96,2.36,0.3964,11.5,0.2065,0,100,1902606
2026-10-05 03:00,wta,WTA 1000,China Open,Hard,3,Donna Vekic,Iga Swiatek,p1_games,over,6.5,0.3961,2.52,1.86,0.5013,-10.5,-0.2633,0,100,1902606
2026-10-05 03:00,wta,WTA 1000,China Open,Hard,3,Donna Vekic,Iga Swiatek,p1_games,under,6.5,0.6039,1.66,1.87,0.4987,10.5,0.1294,0,100,1902606
2026-10-05 03:00,wta,WTA 1000,China Open,Hard,3,Donna Vekic,Iga Swiatek,p1_games,over,7.5,0.3248,3.08,2.24,0.4167,-9.2,-0.2724,0,100,1902606
2026-10-05 03:00,wta,WTA 1000,China Open,Hard,3,Donna Vekic,Iga Swiatek,p1_games,under,7.5,0.6752,1.48,1.6,0.5833,9.2,0.0803,0,100,1902606
2026-10-05 03:00,wta,WTA 1000,China Open,Hard,3,Donna Vekic,Iga Swiatek,p2_games,over,11.5,0.9453,1.06,1.04,0.9004,4.5,-0.0169,0,100,1902606
2026-10-05 03:00,wta,WTA 1000,China Open,Hard,3,Donna Vekic,Iga Swiatek,p2_games,under,11.5,0.0547,18.27,9.4,0.0996,-4.5,-0.4854,0,100,1902606
2026-10-05 03:00,wta,WTA 1000,China Open,Hard,3,Donna Vekic,Iga Swiatek,p2_games,over,12.5,0.3013,3.32,2.35,0.3974,-9.6,-0.292,0,100,1902606
2026-10-05 03:00,wta,WTA 1000,China Open,Hard,3,Donna Vekic,Iga Swiatek,p2_games,under,12.5,0.6987,1.43,1.55,0.6026,9.6,0.083,0,100,1902606
2026-10-05 03:00,wta,WTA 1000,China Open,Hard,3,Donna Vekic,Iga Swiatek,p2_games,over,13.5,0.1644,6.08,4.0,0.2337,-6.9,-0.3424,0,100,1902606
2026-10-05 03:00,wta,WTA 1000,China Open,Hard,3,Donna Vekic,Iga Swiatek,p2_games,under,13.5,0.8356,1.2,1.22,0.7663,6.9,0.0194,0,100,1902606
2026-10-05 03:00,wta,WTA 1000,China Open,Hard,3,Donna Vekic,Iga Swiatek,game_handicap,player_a,6.5,0.4482,2.23,,,,,0,100,1902606
2026-10-05 03:00,wta,WTA 1000,China Open,Hard,3,Donna Vekic,Iga Swiatek,game_handicap,player_b,-6.5,0.5518,1.81,,,,,0,100,1902606
2026-10-05 04:30,wta,WTA 1000,China Open,Hard,3,Iva Jovic,Kamilla Rakhimova,winner,player_a,,0.7683,1.3,1.24,0.7762,-0.8,-0.0473,0,100,1902668
2026-10-05 04:30,wta,WTA 1000,China Open,Hard,3,Iva Jovic,Kamilla Rakhimova,winner,player_b,,0.2317,4.32,4.3,0.2238,0.8,-0.0036,0,100,1902668
2026-10-05 04:30,wta,WTA 1000,China Open,Hard,3,Iva Jovic,Kamilla Rakhimova,total_games,over,16.5,0.7287,1.37,1.23,0.7776,-4.9,-0.1037,0,100,1902668
2026-10-05 04:30,wta,WTA 1000,China Open,Hard,3,Iva Jovic,Kamilla Rakhimova,total_games,under,16.5,0.2713,3.69,4.3,0.2224,4.9,0.1667,0,100,1902668
2026-10-05 04:30,wta,WTA 1000,China Open,Hard,3,Iva Jovic,Kamilla Rakhimova,total_games,over,17.5,0.6321,1.58,1.4,0.6818,-5.0,-0.115,0,100,1902668
2026-10-05 04:30,wta,WTA 1000,China Open,Hard,3,Iva Jovic,Kamilla Rakhimova,total_games,under,17.5,0.3679,2.72,3.0,0.3182,5.0,0.1036,0,100,1902668
2026-10-05 04:30,wta,WTA 1000,China Open,Hard,3,Iva Jovic,Kamilla Rakhimova,total_games,over,18.5,0.5466,1.83,1.6,0.5939,-4.7,-0.1255,0,100,1902668
2026-10-05 04:30,wta,WTA 1000,China Open,Hard,3,Iva Jovic,Kamilla Rakhimova,total_games,under,18.5,0.4534,2.21,2.34,0.4061,4.7,0.061,0,100,1902668
2026-10-05 04:30,wta,WTA 1000,China Open,Hard,3,Iva Jovic,Kamilla Rakhimova,total_games,over,19.5,0.4734,2.11,1.85,0.5144,-4.1,-0.1241,0,100,1902668
2026-10-05 04:30,wta,WTA 1000,China Open,Hard,3,Iva Jovic,Kamilla Rakhimova,total_games,under,19.5,0.5266,1.9,1.96,0.4856,4.1,0.0321,0,100,1902668
2026-10-05 04:30,wta,WTA 1000,China Open,Hard,3,Iva Jovic,Kamilla Rakhimova,total_games,over,20.5,0.4131,2.42,2.12,0.4494,-3.6,-0.1242,0,100,1902668
2026-10-05 04:30,wta,WTA 1000,China Open,Hard,3,Iva Jovic,Kamilla Rakhimova,total_games,under,20.5,0.5869,1.7,1.73,0.5506,3.6,0.0153,0,100,1902668
2026-10-05 04:30,wta,WTA 1000,China Open,Hard,3,Iva Jovic,Kamilla Rakhimova,total_games,over,21.5,0.3694,2.71,2.38,0.4005,-3.1,-0.1209,0,100,1902668
2026-10-05 04:30,wta,WTA 1000,China Open,Hard,3,Iva Jovic,Kamilla Rakhimova,total_games,under,21.5,0.6306,1.59,1.59,0.5995,3.1,0.0027,0,100,1902668
2026-10-05 04:30,wta,WTA 1000,China Open,Hard,3,Iva Jovic,Kamilla Rakhimova,total_games,over,22.5,0.3219,3.11,2.7,0.351,-2.9,-0.1308,0,100,1902668
2026-10-05 04:30,wta,WTA 1000,China Open,Hard,3,Iva Jovic,Kamilla Rakhimova,total_games,under,22.5,0.6781,1.47,1.46,0.649,2.9,-0.01,0,100,1902668
2026-10-05 04:30,wta,WTA 1000,China Open,Hard,3,Iva Jovic,Kamilla Rakhimova,p1_games,over,11.5,0.8488,1.18,1.12,0.8382,1.1,-0.0494,0,100,1902668
2026-10-05 04:30,wta,WTA 1000,China Open,Hard,3,Iva Jovic,Kamilla Rakhimova,p1_games,under,11.5,0.1512,6.61,5.8,0.1618,-1.1,-0.123,0,100,1902668
2026-10-05 04:30,wta,WTA 1000,China Open,Hard,3,Iva Jovic,Kamilla Rakhimova,p1_games,over,12.5,0.3836,2.61,2.14,0.4368,-5.3,-0.179,0,100,1902668
2026-10-05 04:30,wta,WTA 1000,China Open,Hard,3,Iva Jovic,Kamilla Rakhimova,p1_games,under,12.5,0.6164,1.62,1.66,0.5632,5.3,0.0232,0,100,1902668
2026-10-05 04:30,wta,WTA 1000,China Open,Hard,3,Iva Jovic,Kamilla Rakhimova,p1_games,over,13.5,0.2319,4.31,3.45,0.2706,-3.9,-0.1998,0,100,1902668
2026-10-05 04:30,wta,WTA 1000,China Open,Hard,3,Iva Jovic,Kamilla Rakhimova,p1_games,under,13.5,0.7681,1.3,1.28,0.7294,3.9,-0.0169,0,100,1902668
2026-10-05 04:30,wta,WTA 1000,China Open,Hard,3,Iva Jovic,Kamilla Rakhimova,p2_games,over,7.5,0.5182,1.93,1.74,0.5372,-1.9,-0.0983,0,100,1902668
2026-10-05 04:30,wta,WTA 1000,China Open,Hard,3,Iva Jovic,Kamilla Rakhimova,p2_games,under,7.5,0.4818,2.08,2.02,0.4628,1.9,-0.0268,0,100,1902668
2026-10-05 04:30,wta,WTA 1000,China Open,Hard,3,Iva Jovic,Kamilla Rakhimova,p2_games,over,8.5,0.4627,2.16,1.96,0.4773,-1.5,-0.0931,0,100,1902668
2026-10-05 04:30,wta,WTA 1000,China Open,Hard,3,Iva Jovic,Kamilla Rakhimova,p2_games,under,8.5,0.5373,1.86,1.79,0.5227,1.5,-0.0382,0,100,1902668
2026-10-05 04:30,wta,WTA 1000,China Open,Hard,3,Iva Jovic,Kamilla Rakhimova,p2_games,over,9.5,0.4195,2.38,2.18,0.4293,-1.0,-0.0854,0,100,1902668
2026-10-05 04:30,wta,WTA 1000,China Open,Hard,3,Iva Jovic,Kamilla Rakhimova,p2_games,under,9.5,0.5805,1.72,1.64,0.5707,1.0,-0.048,0,100,1902668
2026-10-05 04:30,wta,WTA 1000,China Open,Hard,3,Iva Jovic,Kamilla Rakhimova,game_handicap,player_a,-4.5,0.5781,1.73,,,,,0,100,1902668
2026-10-05 04:30,wta,WTA 1000,China Open,Hard,3,Iva Jovic,Kamilla Rakhimova,game_handicap,player_b,4.5,0.4219,2.37,,,,,0,100,1902668
2026-10-05 04:30,wta,WTA 1000,China Open,Hard,3,Marie Bouzkova,Qinwen Zheng,winner,player_a,,0.3675,2.72,2.17,0.4422,-7.5,-0.2026,0,100,1902688
2026-10-05 04:30,wta,WTA 1000,China Open,Hard,3,Marie Bouzkova,Qinwen Zheng,winner,player_b,,0.6325,1.58,1.72,0.5578,7.5,0.0879,0,100,1902688
2026-10-05 04:30,wta,WTA 1000,China Open,Hard,3,Marie Bouzkova,Qinwen Zheng,total_games,over,18.5,0.6377,1.57,1.33,0.7158,-7.8,-0.1519,0,100,1902688
2026-10-05 04:30,wta,WTA 1000,China Open,Hard,3,Marie Bouzkova,Qinwen Zheng,total_games,under,18.5,0.3623,2.76,3.35,0.2842,7.8,0.2138,0,100,1902688
2026-10-05 04:30,wta,WTA 1000,China Open,Hard,3,Marie Bouzkova,Qinwen Zheng,total_games,over,19.5,0.5605,1.78,1.5,0.6341,-7.4,-0.1593,0,100,1902688
2026-10-05 04:30,wta,WTA 1000,China Open,Hard,3,Marie Bouzkova,Qinwen Zheng,total_games,under,19.5,0.4395,2.28,2.6,0.3659,7.4,0.1428,0,100,1902688
2026-10-05 04:30,wta,WTA 1000,China Open,Hard,3,Marie Bouzkova,Qinwen Zheng,total_games,over,20.5,0.4941,2.02,1.69,0.5633,-6.9,-0.1649,0,100,1902688
2026-10-05 04:30,wta,WTA 1000,China Open,Hard,3,Marie Bouzkova,Qinwen Zheng,total_games,under,20.5,0.5059,1.98,2.18,0.4367,6.9,0.1028,0,100,1902688
2026-10-05 04:30,wta,WTA 1000,China Open,Hard,3,Marie Bouzkova,Qinwen Zheng,total_games,over,21.5,0.446,2.24,1.86,0.5118,-6.6,-0.1704,0,100,1902688
2026-10-05 04:30,wta,WTA 1000,China Open,Hard,3,Marie Bouzkova,Qinwen Zheng,total_games,under,21.5,0.554,1.81,1.95,0.4882,6.6,0.0802,0,100,1902688
2026-10-05 04:30,wta,WTA 1000,China Open,Hard,3,Marie Bouzkova,Qinwen Zheng,total_games,over,22.5,0.3905,2.56,2.14,0.4456,-5.5,-0.1643,0,100,1902688
2026-10-05 04:30,wta,WTA 1000,China Open,Hard,3,Marie Bouzkova,Qinwen Zheng,total_games,under,22.5,0.6095,1.64,1.72,0.5544,5.5,0.0484,0,100,1902688
2026-10-05 04:30,wta,WTA 1000,China Open,Hard,3,Marie Bouzkova,Qinwen Zheng,total_games,over,23.5,0.3546,2.82,2.36,0.4025,-4.8,-0.1632,0,100,1902688
2026-10-05 04:30,wta,WTA 1000,China Open,Hard,3,Marie Bouzkova,Qinwen Zheng,total_games,under,23.5,0.6454,1.55,1.59,0.5975,4.8,0.0262,0,100,1902688
2026-10-05 04:30,wta,WTA 1000,China Open,Hard,3,Marie Bouzkova,Qinwen Zheng,total_games,over,24.5,0.3348,2.99,2.49,0.3821,-4.7,-0.1663,0,100,1902688
2026-10-05 04:30,wta,WTA 1000,China Open,Hard,3,Marie Bouzkova,Qinwen Zheng,total_games,under,24.5,0.6652,1.5,1.54,0.6179,4.7,0.0244,0,100,1902688
2026-10-05 04:30,wta,WTA 1000,China Open,Hard,3,Marie Bouzkova,Qinwen Zheng,p1_games,over,10.5,0.5412,1.85,1.51,0.6196,-7.8,-0.1828,0,100,1902688
2026-10-05 04:30,wta,WTA 1000,China Open,Hard,3,Marie Bouzkova,Qinwen Zheng,p1_games,under,10.5,0.4588,2.18,2.46,0.3804,7.8,0.1287,0,100,1902688
2026-10-05 04:30,wta,WTA 1000,China Open,Hard,3,Marie Bouzkova,Qinwen Zheng,p1_games,over,11.5,0.509,1.96,1.59,0.5881,-7.9,-0.1907,0,100,1902688
2026-10-05 04:30,wta,WTA 1000,China Open,Hard,3,Marie Bouzkova,Qinwen Zheng,p1_games,under,11.5,0.491,2.04,2.27,0.4119,7.9,0.1146,0,100,1902688
2026-10-05 04:30,wta,WTA 1000,China Open,Hard,3,Marie Bouzkova,Qinwen Zheng,p1_games,over,12.5,0.3352,2.98,2.28,0.4093,-7.4,-0.2356,0,100,1902688
2026-10-05 04:30,wta,WTA 1000,China Open,Hard,3,Marie Bouzkova,Qinwen Zheng,p1_games,under,12.5,0.6648,1.5,1.58,0.5907,7.4,0.0503,0,100,1902688
2026-10-05 04:30,wta,WTA 1000,China Open,Hard,3,Marie Bouzkova,Qinwen Zheng,p2_games,over,11.5,0.7473,1.34,1.36,0.6845,6.3,0.0164,0,100,1902688
2026-10-05 04:30,wta,WTA 1000,China Open,Hard,3,Marie Bouzkova,Qinwen Zheng,p2_games,under,11.5,0.2527,3.96,2.95,0.3155,-6.3,-0.2547,0,100,1902688
2026-10-05 04:30,wta,WTA 1000,China Open,Hard,3,Marie Bouzkova,Qinwen Zheng,p2_games,over,12.5,0.4142,2.41,2.07,0.4524,-3.8,-0.1426,0,100,1902688
2026-10-05 04:30,wta,WTA 1000,China Open,Hard,3,Marie Bouzkova,Qinwen Zheng,p2_games,under,12.5,0.5858,1.71,1.71,0.5476,3.8,0.0017,0,100,1902688
2026-10-05 04:30,wta,WTA 1000,China Open,Hard,3,Marie Bouzkova,Qinwen Zheng,p2_games,over,13.5,0.265,3.77,3.1,0.3018,-3.7,-0.1785,0,100,1902688
2026-10-05 04:30,wta,WTA 1000,China Open,Hard,3,Marie Bouzkova,Qinwen Zheng,p2_games,under,13.5,0.735,1.36,1.34,0.6982,3.7,-0.0151,0,100,1902688
2026-10-05 04:30,wta,WTA 1000,China Open,Hard,3,Marie Bouzkova,Qinwen Zheng,game_handicap,player_a,2.5,0.4434,2.26,,,,,0,100,1902688
2026-10-05 04:30,wta,WTA 1000,China Open,Hard,3,Marie Bouzkova,Qinwen Zheng,game_handicap,player_b,-2.5,0.5566,1.8,,,,,0,100,1902688
2026-10-05 06:00,wta,WTA 1000,China Open,Hard,3,Alina Charaeva,Sonay Kartal,winner,player_a,,0.2784,3.59,2.6,0.3705,-9.2,-0.2762,0,94,1902695
2026-10-05 06:00,wta,WTA 1000,China Open,Hard,3,Alina Charaeva,Sonay Kartal,winner,player_b,,0.7216,1.39,1.53,0.6295,9.2,0.1041,0,94,1902695
2026-10-05 06:00,wta,WTA 1000,China Open,Hard,3,Alina Charaeva,Sonay Kartal,total_games,over,17.5,0.6822,1.47,1.27,0.752,-7.0,-0.1336,1,94,1902695
2026-10-05 06:00,wta,WTA 1000,China Open,Hard,3,Alina Charaeva,Sonay Kartal,total_games,under,17.5,0.3178,3.15,3.85,0.248,7.0,0.2234,1,94,1902695
2026-10-05 06:00,wta,WTA 1000,China Open,Hard,3,Alina Charaeva,Sonay Kartal,total_games,over,18.5,0.5952,1.68,1.42,0.6713,-7.6,-0.1547,1,94,1902695
2026-10-05 06:00,wta,WTA 1000,China Open,Hard,3,Alina Charaeva,Sonay Kartal,total_games,under,18.5,0.4048,2.47,2.9,0.3287,7.6,0.1738,1,94,1902695
2026-10-05 06:00,wta,WTA 1000,China Open,Hard,3,Alina Charaeva,Sonay Kartal,total_games,over,19.5,0.519,1.93,1.61,0.5903,-7.1,-0.1644,1,94,1902695
2026-10-05 06:00,wta,WTA 1000,China Open,Hard,3,Alina Charaeva,Sonay Kartal,total_games,under,19.5,0.481,2.08,2.32,0.4097,7.1,0.1159,1,94,1902695
2026-10-05 06:00,wta,WTA 1000,China Open,Hard,3,Alina Charaeva,Sonay Kartal,total_games,over,20.5,0.4545,2.2,1.83,0.5209,-6.6,-0.1683,1,94,1902695
2026-10-05 06:00,wta,WTA 1000,China Open,Hard,3,Alina Charaeva,Sonay Kartal,total_games,under,20.5,0.5455,1.83,1.99,0.4791,6.6,0.0856,1,94,1902695
2026-10-05 06:00,wta,WTA 1000,China Open,Hard,3,Alina Charaeva,Sonay Kartal,total_games,over,21.5,0.4079,2.45,2.02,0.4712,-6.3,-0.1761,1,94,1902695
2026-10-05 06:00,wta,WTA 1000,China Open,Hard,3,Alina Charaeva,Sonay Kartal,total_games,under,21.5,0.5921,1.69,1.8,0.5288,6.3,0.0658,1,94,1902695
2026-10-05 06:00,wta,WTA 1000,China Open,Hard,3,Alina Charaeva,Sonay Kartal,total_games,over,22.5,0.3555,2.81,2.31,0.4122,-5.7,-0.1788,1,94,1902695
2026-10-05 06:00,wta,WTA 1000,China Open,Hard,3,Alina Charaeva,Sonay Kartal,total_games,under,22.5,0.6445,1.55,1.62,0.5878,5.7,0.0441,1,94,1902695
2026-10-05 06:00,wta,WTA 1000,China Open,Hard,3,Alina Charaeva,Sonay Kartal,total_games,over,23.5,0.3221,3.1,2.55,0.3735,-5.1,-0.1785,1,94,1902695
2026-10-05 06:00,wta,WTA 1000,China Open,Hard,3,Alina Charaeva,Sonay Kartal,total_games,under,23.5,0.6779,1.48,1.52,0.6265,5.1,0.0303,1,94,1902695
2026-10-05 06:00,wta,WTA 1000,China Open,Hard,3,Alina Charaeva,Sonay Kartal,p1_games,over,10.5,0.445,2.25,1.74,0.5385,-9.4,-0.2258,1,94,1902695
2026-10-05 06:00,wta,WTA 1000,China Open,Hard,3,Alina Charaeva,Sonay Kartal,p1_games,under,10.5,0.555,1.8,2.03,0.4615,9.4,0.1267,1,94,1902695
2026-10-05 06:00,wta,WTA 1000,China Open,Hard,3,Alina Charaeva,Sonay Kartal,p1_games,over,11.5,0.4117,2.43,1.85,0.5053,-9.4,-0.2384,1,94,1902695
2026-10-05 06:00,wta,WTA 1000,China Open,Hard,3,Alina Charaeva,Sonay Kartal,p1_games,under,11.5,0.5883,1.7,1.89,0.4947,9.4,0.1119,1,94,1902695
2026-10-05 06:00,wta,WTA 1000,China Open,Hard,3,Alina Charaeva,Sonay Kartal,p1_games,over,12.5,0.2807,3.56,2.7,0.3462,-6.6,-0.2422,1,94,1902695
2026-10-05 06:00,wta,WTA 1000,China Open,Hard,3,Alina Charaeva,Sonay Kartal,p1_games,under,12.5,0.7193,1.39,1.43,0.6538,6.6,0.0286,1,94,1902695
2026-10-05 06:00,wta,WTA 1000,China Open,Hard,3,Alina Charaeva,Sonay Kartal,p2_games,over,11.5,0.8161,1.23,1.28,0.7322,8.4,0.0446,1,94,1902695
2026-10-05 06:00,wta,WTA 1000,China Open,Hard,3,Alina Charaeva,Sonay Kartal,p2_games,under,11.5,0.1839,5.44,3.5,0.2678,-8.4,-0.3562,1,94,1902695
2026-10-05 06:00,wta,WTA 1000,China Open,Hard,3,Alina Charaeva,Sonay Kartal,p2_games,over,12.5,0.4065,2.46,2.13,0.4395,-3.3,-0.1342,1,94,1902695
2026-10-05 06:00,wta,WTA 1000,China Open,Hard,3,Alina Charaeva,Sonay Kartal,p2_games,under,12.5,0.5935,1.68,1.67,0.5605,3.3,-0.0088,1,94,1902695
2026-10-05 06:00,wta,WTA 1000,China Open,Hard,3,Alina Charaeva,Sonay Kartal,p2_games,over,13.5,0.2513,3.98,3.3,0.2842,-3.3,-0.1707,1,94,1902695
2026-10-05 06:00,wta,WTA 1000,China Open,Hard,3,Alina Charaeva,Sonay Kartal,p2_games,under,13.5,0.7487,1.34,1.31,0.7158,3.3,-0.0192,1,94,1902695
2026-10-05 06:00,wta,WTA 1000,China Open,Hard,3,Alina Charaeva,Sonay Kartal,game_handicap,player_a,4.5,0.489,2.05,,,,,1,94,1902695
2026-10-05 06:00,wta,WTA 1000,China Open,Hard,3,Alina Charaeva,Sonay Kartal,game_handicap,player_b,-4.5,0.511,1.96,,,,,1,94,1902695
2026-10-05 07:00,wta,WTA 1000,China Open,Hard,3,Belinda Bencic,Ann Li,winner,player_a,,0.7884,1.27,1.4,0.6854,10.3,0.1038,0,100,1902612
2026-10-05 07:00,wta,WTA 1000,China Open,Hard,3,Belinda Bencic,Ann Li,winner,player_b,,0.2116,4.73,3.05,0.3146,-10.3,-0.3546,0,100,1902612
2026-10-05 07:00,wta,WTA 1000,China Open,Hard,3,Belinda Bencic,Ann Li,total_games,over,17.5,0.6466,1.55,1.27,0.7495,-10.3,-0.1788,0,100,1902612
2026-10-05 07:00,wta,WTA 1000,China Open,Hard,3,Belinda Bencic,Ann Li,total_games,under,17.5,0.3534,2.83,3.8,0.2505,10.3,0.3428,0,100,1902612
2026-10-05 07:00,wta,WTA 1000,China Open,Hard,3,Belinda Bencic,Ann Li,total_games,over,18.5,0.5571,1.79,1.44,0.6643,-10.7,-0.1977,0,100,1902612
2026-10-05 07:00,wta,WTA 1000,China Open,Hard,3,Belinda Bencic,Ann Li,total_games,under,18.5,0.4429,2.26,2.85,0.3357,10.7,0.2622,0,100,1902612
2026-10-05 07:00,wta,WTA 1000,China Open,Hard,3,Belinda Bencic,Ann Li,total_games,over,19.5,0.4807,2.08,1.63,0.5831,-10.2,-0.2164,0,100,1902612
2026-10-05 07:00,wta,WTA 1000,China Open,Hard,3,Belinda Bencic,Ann Li,total_games,under,19.5,0.5193,1.93,2.28,0.4169,10.2,0.1839,0,100,1902612
2026-10-05 07:00,wta,WTA 1000,China Open,Hard,3,Belinda Bencic,Ann Li,total_games,over,20.5,0.4165,2.4,1.86,0.5118,-9.5,-0.2253,0,100,1902612
2026-10-05 07:00,wta,WTA 1000,China Open,Hard,3,Belinda Bencic,Ann Li,total_games,under,20.5,0.5835,1.71,1.95,0.4882,9.5,0.1378,0,100,1902612
2026-10-05 07:00,wta,WTA 1000,China Open,Hard,3,Belinda Bencic,Ann Li,total_games,over,21.5,0.3711,2.69,2.06,0.4621,-9.1,-0.2356,0,100,1902612
2026-10-05 07:00,wta,WTA 1000,China Open,Hard,3,Belinda Bencic,Ann Li,total_games,under,21.5,0.6289,1.59,1.77,0.5379,9.1,0.1132,0,100,1902612
2026-10-05 07:00,wta,WTA 1000,China Open,Hard,3,Belinda Bencic,Ann Li,total_games,over,22.5,0.3207,3.12,2.36,0.404,-8.3,-0.2431,0,100,1902612
2026-10-05 07:00,wta,WTA 1000,China Open,Hard,3,Belinda Bencic,Ann Li,total_games,under,22.5,0.6793,1.47,1.6,0.596,8.3,0.0868,0,100,1902612
2026-10-05 07:00,wta,WTA 1000,China Open,Hard,3,Belinda Bencic,Ann Li,total_games,over,23.5,0.289,3.46,2.6,0.3659,-7.7,-0.2485,0,100,1902612
2026-10-05 07:00,wta,WTA 1000,China Open,Hard,3,Belinda Bencic,Ann Li,total_games,under,23.5,0.711,1.41,1.5,0.6341,7.7,0.0665,0,100,1902612
2026-10-05 07:00,wta,WTA 1000,China Open,Hard,3,Belinda Bencic,Ann Li,p1_games,over,11.5,0.868,1.15,1.2,0.7778,9.0,0.0416,0,100,1902612
2026-10-05 07:00,wta,WTA 1000,China Open,Hard,3,Belinda Bencic,Ann Li,p1_games,under,11.5,0.132,7.58,4.2,0.2222,-9.0,-0.4456,0,100,1902612
2026-10-05 07:00,wta,WTA 1000,China Open,Hard,3,Belinda Bencic,Ann Li,p1_games,over,12.5,0.3934,2.54,2.01,0.4654,-7.2,-0.2093,0,100,1902612
2026-10-05 07:00,wta,WTA 1000,China Open,Hard,3,Belinda Bencic,Ann Li,p1_games,under,12.5,0.6066,1.65,1.75,0.5346,7.2,0.0616,0,100,1902612
2026-10-05 07:00,wta,WTA 1000,China Open,Hard,3,Belinda Bencic,Ann Li,p1_games,over,13.5,0.2344,4.27,3.1,0.3002,-6.6,-0.2733,0,100,1902612
2026-10-05 07:00,wta,WTA 1000,China Open,Hard,3,Belinda Bencic,Ann Li,p1_games,under,13.5,0.7656,1.31,1.33,0.6998,6.6,0.0182,0,100,1902612
2026-10-05 07:00,wta,WTA 1000,China Open,Hard,3,Belinda Bencic,Ann Li,p2_games,over,9.5,0.4052,2.47,1.72,0.5426,-13.7,-0.3031,0,100,1902612
2026-10-05 07:00,wta,WTA 1000,China Open,Hard,3,Belinda Bencic,Ann Li,p2_games,under,9.5,0.5948,1.68,2.04,0.4574,13.7,0.2135,0,100,1902612
2026-10-05 07:00,wta,WTA 1000,China Open,Hard,3,Belinda Bencic,Ann Li,p2_games,over,10.5,0.3678,2.72,1.86,0.5027,-13.5,-0.3159,0,100,1902612
2026-10-05 07:00,wta,WTA 1000,China Open,Hard,3,Belinda Bencic,Ann Li,p2_games,under,10.5,0.6322,1.58,1.88,0.4973,13.5,0.1886,0,100,1902612
2026-10-05 07:00,wta,WTA 1000,China Open,Hard,3,Belinda Bencic,Ann Li,p2_games,over,11.5,0.3353,2.98,2.0,0.4667,-13.1,-0.3294,0,100,1902612
2026-10-05 07:00,wta,WTA 1000,China Open,Hard,3,Belinda Bencic,Ann Li,p2_games,under,11.5,0.6647,1.5,1.75,0.5333,13.1,0.1632,0,100,1902612
2026-10-05 07:00,wta,WTA 1000,China Open,Hard,3,Belinda Bencic,Ann Li,game_handicap,player_a,-4.5,0.5845,1.71,,,,,0,100,1902612
2026-10-05 07:00,wta,WTA 1000,China Open,Hard,3,Belinda Bencic,Ann Li,game_handicap,player_b,4.5,0.4155,2.41,,,,,0,100,1902612
2026-10-05 08:30,wta,WTA 1000,China Open,Hard,3,Jelena Ostapenko,Elise Mertens,winner,player_a,,0.246,4.06,2.49,0.3867,-14.1,-0.3874,0,69,1902604
2026-10-05 08:30,wta,WTA 1000,China Open,Hard,3,Jelena Ostapenko,Elise Mertens,winner,player_b,,0.754,1.33,1.57,0.6133,14.1,0.1838,0,69,1902604
2026-10-05 08:30,wta,WTA 1000,China Open,Hard,3,Jelena Ostapenko,Elise Mertens,total_games,over,18.5,0.5711,1.75,1.33,0.7158,-14.5,-0.2404,1,69,1902604
2026-10-05 08:30,wta,WTA 1000,China Open,Hard,3,Jelena Ostapenko,Elise Mertens,total_games,under,18.5,0.4289,2.33,3.35,0.2842,14.5,0.4367,1,69,1902604
2026-10-05 08:30,wta,WTA 1000,China Open,Hard,3,Jelena Ostapenko,Elise Mertens,total_games,over,19.5,0.4958,2.02,1.5,0.6341,-13.8,-0.2563,1,69,1902604
2026-10-05 08:30,wta,WTA 1000,China Open,Hard,3,Jelena Ostapenko,Elise Mertens,total_games,under,19.5,0.5042,1.98,2.6,0.3659,13.8,0.311,1,69,1902604
2026-10-05 08:30,wta,WTA 1000,China Open,Hard,3,Jelena Ostapenko,Elise Mertens,total_games,over,20.5,0.4326,2.31,1.7,0.5607,-12.8,-0.2646,1,69,1902604
2026-10-05 08:30,wta,WTA 1000,China Open,Hard,3,Jelena Ostapenko,Elise Mertens,total_games,under,20.5,0.5674,1.76,2.17,0.4393,12.8,0.2313,1,69,1902604
2026-10-05 08:30,wta,WTA 1000,China Open,Hard,3,Jelena Ostapenko,Elise Mertens,total_games,over,21.5,0.3871,2.58,1.88,0.5066,-11.9,-0.2723,1,69,1902604
2026-10-05 08:30,wta,WTA 1000,China Open,Hard,3,Jelena Ostapenko,Elise Mertens,total_games,under,21.5,0.6129,1.63,1.93,0.4934,11.9,0.1829,1,69,1902604
2026-10-05 08:30,wta,WTA 1000,China Open,Hard,3,Jelena Ostapenko,Elise Mertens,total_games,over,22.5,0.3368,2.97,2.15,0.443,-10.6,-0.276,1,69,1902604
2026-10-05 08:30,wta,WTA 1000,China Open,Hard,3,Jelena Ostapenko,Elise Mertens,total_games,under,22.5,0.6632,1.51,1.71,0.557,10.6,0.1341,1,69,1902604
2026-10-05 08:30,wta,WTA 1000,China Open,Hard,3,Jelena Ostapenko,Elise Mertens,total_games,over,23.5,0.305,3.28,2.39,0.398,-9.3,-0.2711,1,69,1902604
2026-10-05 08:30,wta,WTA 1000,China Open,Hard,3,Jelena Ostapenko,Elise Mertens,total_games,under,23.5,0.695,1.44,1.58,0.602,9.3,0.0982,1,69,1902604
2026-10-05 08:30,wta,WTA 1000,China Open,Hard,3,Jelena Ostapenko,Elise Mertens,total_games,over,24.5,0.2864,3.49,2.5,0.3812,-9.5,-0.2841,1,69,1902604
2026-10-05 08:30,wta,WTA 1000,China Open,Hard,3,Jelena Ostapenko,Elise Mertens,total_games,under,24.5,0.7136,1.4,1.54,0.6188,9.5,0.099,1,69,1902604
2026-10-05 08:30,wta,WTA 1000,China Open,Hard,3,Jelena Ostapenko,Elise Mertens,p1_games,over,10.5,0.4059,2.46,1.69,0.5529,-14.7,-0.3141,1,69,1902604
2026-10-05 08:30,wta,WTA 1000,China Open,Hard,3,Jelena Ostapenko,Elise Mertens,p1_games,under,10.5,0.5941,1.68,2.09,0.4471,14.7,0.2418,1,69,1902604
2026-10-05 08:30,wta,WTA 1000,China Open,Hard,3,Jelena Ostapenko,Elise Mertens,p1_games,over,11.5,0.3729,2.68,1.8,0.52,-14.7,-0.3288,1,69,1902604
2026-10-05 08:30,wta,WTA 1000,China Open,Hard,3,Jelena Ostapenko,Elise Mertens,p1_games,under,11.5,0.6271,1.59,1.95,0.48,14.7,0.2228,1,69,1902604
2026-10-05 08:30,wta,WTA 1000,China Open,Hard,3,Jelena Ostapenko,Elise Mertens,p1_games,over,12.5,0.2568,3.89,2.6,0.3596,-10.3,-0.3323,1,69,1902604
2026-10-05 08:30,wta,WTA 1000,China Open,Hard,3,Jelena Ostapenko,Elise Mertens,p1_games,under,12.5,0.7432,1.35,1.46,0.6404,10.3,0.0851,1,69,1902604
2026-10-05 08:30,wta,WTA 1000,China Open,Hard,3,Jelena Ostapenko,Elise Mertens,p2_games,over,11.5,0.84,1.19,1.29,0.7249,11.5,0.0836,1,69,1902604
2026-10-05 08:30,wta,WTA 1000,China Open,Hard,3,Jelena Ostapenko,Elise Mertens,p2_games,under,11.5,0.16,6.25,3.4,0.2751,-11.5,-0.456,1,69,1902604
2026-10-05 08:30,wta,WTA 1000,China Open,Hard,3,Jelena Ostapenko,Elise Mertens,p2_games,over,12.5,0.3969,2.52,2.11,0.4433,-4.6,-0.1626,1,69,1902604
2026-10-05 08:30,wta,WTA 1000,China Open,Hard,3,Jelena Ostapenko,Elise Mertens,p2_games,under,12.5,0.6031,1.66,1.68,0.5567,4.6,0.0133,1,69,1902604
2026-10-05 08:30,wta,WTA 1000,China Open,Hard,3,Jelena Ostapenko,Elise Mertens,p2_games,over,13.5,0.2415,4.14,3.25,0.2873,-4.6,-0.2151,1,69,1902604
2026-10-05 08:30,wta,WTA 1000,China Open,Hard,3,Jelena Ostapenko,Elise Mertens,p2_games,under,13.5,0.7585,1.32,1.31,0.7127,4.6,-0.0064,1,69,1902604
2026-10-05 08:30,wta,WTA 1000,China Open,Hard,3,Jelena Ostapenko,Elise Mertens,game_handicap,player_a,4.5,0.4491,2.23,,,,,1,69,1902604
2026-10-05 08:30,wta,WTA 1000,China Open,Hard,3,Jelena Ostapenko,Elise Mertens,game_handicap,player_b,-4.5,0.5509,1.82,,,,,1,69,1902604
2026-10-05 08:30,wta,WTA 1000,China Open,Hard,3,Maria Sakkari,Elina Svitolina,winner,player_a,,0.2292,4.36,3.7,0.26,-3.1,-0.1518,0,100,1902610
2026-10-05 08:30,wta,WTA 1000,China Open,Hard,3,Maria Sakkari,Elina Svitolina,winner,player_b,,0.7708,1.3,1.3,0.74,3.1,0.002,0,100,1902610
2026-10-05 08:30,wta,WTA 1000,China Open,Hard,3,Maria Sakkari,Elina Svitolina,total_games,over,17.5,0.6469,1.55,1.31,0.7277,-8.1,-0.1526,0,100,1902610
2026-10-05 08:30,wta,WTA 1000,China Open,Hard,3,Maria Sakkari,Elina Svitolina,total_games,under,17.5,0.3531,2.83,3.5,0.2723,8.1,0.2358,0,100,1902610
2026-10-05 08:30,wta,WTA 1000,China Open,Hard,3,Maria Sakkari,Elina Svitolina,total_games,over,18.5,0.5593,1.79,1.49,0.6401,-8.1,-0.1667,0,100,1902610
2026-10-05 08:30,wta,WTA 1000,China Open,Hard,3,Maria Sakkari,Elina Svitolina,total_games,under,18.5,0.4407,2.27,2.65,0.3599,8.1,0.168,0,100,1902610
2026-10-05 08:30,wta,WTA 1000,China Open,Hard,3,Maria Sakkari,Elina Svitolina,total_games,over,19.5,0.4841,2.07,1.71,0.557,-7.3,-0.1721,0,100,1902610
2026-10-05 08:30,wta,WTA 1000,China Open,Hard,3,Maria Sakkari,Elina Svitolina,total_games,under,19.5,0.5159,1.94,2.15,0.443,7.3,0.1091,0,100,1902610
2026-10-05 08:30,wta,WTA 1000,China Open,Hard,3,Maria Sakkari,Elina Svitolina,total_games,over,20.5,0.4213,2.37,1.95,0.4882,-6.7,-0.1784,0,100,1902610
2026-10-05 08:30,wta,WTA 1000,China Open,Hard,3,Maria Sakkari,Elina Svitolina,total_games,under,20.5,0.5787,1.73,1.86,0.5118,6.7,0.0763,0,100,1902610
2026-10-05 08:30,wta,WTA 1000,China Open,Hard,3,Maria Sakkari,Elina Svitolina,total_games,over,21.5,0.3763,2.66,2.17,0.4393,-6.3,-0.1835,0,100,1902610
2026-10-05 08:30,wta,WTA 1000,China Open,Hard,3,Maria Sakkari,Elina Svitolina,total_games,under,21.5,0.6237,1.6,1.7,0.5607,6.3,0.0603,0,100,1902610
2026-10-05 08:30,wta,WTA 1000,China Open,Hard,3,Maria Sakkari,Elina Svitolina,total_games,over,22.5,0.3268,3.06,2.49,0.3821,-5.5,-0.1863,0,100,1902610
2026-10-05 08:30,wta,WTA 1000,China Open,Hard,3,Maria Sakkari,Elina Svitolina,total_games,under,22.5,0.6732,1.49,1.54,0.6179,5.5,0.0368,0,100,1902610
2026-10-05 08:30,wta,WTA 1000,China Open,Hard,3,Maria Sakkari,Elina Svitolina,total_games,over,23.5,0.2956,3.38,2.75,0.3468,-5.1,-0.1871,0,100,1902610
2026-10-05 08:30,wta,WTA 1000,China Open,Hard,3,Maria Sakkari,Elina Svitolina,total_games,under,23.5,0.7044,1.42,1.46,0.6532,5.1,0.0284,0,100,1902610
2026-10-05 08:30,wta,WTA 1000,China Open,Hard,3,Maria Sakkari,Elina Svitolina,p1_games,over,7.5,0.525,1.9,1.61,0.5796,-5.5,-0.1548,0,100,1902610
2026-10-05 08:30,wta,WTA 1000,China Open,Hard,3,Maria Sakkari,Elina Svitolina,p1_games,under,7.5,0.475,2.11,2.22,0.4204,5.5,0.0546,0,100,1902610
2026-10-05 08:30,wta,WTA 1000,China Open,Hard,3,Maria Sakkari,Elina Svitolina,p1_games,over,8.5,0.4667,2.14,1.8,0.5187,-5.2,-0.1599,0,100,1902610
2026-10-05 08:30,wta,WTA 1000,China Open,Hard,3,Maria Sakkari,Elina Svitolina,p1_games,under,8.5,0.5333,1.88,1.94,0.4813,5.2,0.0346,0,100,1902610
2026-10-05 08:30,wta,WTA 1000,China Open,Hard,3,Maria Sakkari,Elina Svitolina,p1_games,over,9.5,0.4222,2.37,1.98,0.472,-5.0,-0.1641,0,100,1902610
2026-10-05 08:30,wta,WTA 1000,China Open,Hard,3,Maria Sakkari,Elina Svitolina,p1_games,under,9.5,0.5778,1.73,1.77,0.528,5.0,0.0228,0,100,1902610
2026-10-05 08:30,wta,WTA 1000,China Open,Hard,3,Maria Sakkari,Elina Svitolina,p2_games,over,11.5,0.8533,1.17,1.15,0.813,4.0,-0.0187,0,100,1902610
2026-10-05 08:30,wta,WTA 1000,China Open,Hard,3,Maria Sakkari,Elina Svitolina,p2_games,under,11.5,0.1467,6.82,5.0,0.187,-4.0,-0.2664,0,100,1902610
2026-10-05 08:30,wta,WTA 1000,China Open,Hard,3,Maria Sakkari,Elina Svitolina,p2_games,over,12.5,0.3921,2.55,2.1,0.4444,-5.2,-0.1765,0,100,1902610
2026-10-05 08:30,wta,WTA 1000,China Open,Hard,3,Maria Sakkari,Elina Svitolina,p2_games,under,12.5,0.6079,1.65,1.68,0.5556,5.2,0.0212,0,100,1902610
2026-10-05 08:30,wta,WTA 1000,China Open,Hard,3,Maria Sakkari,Elina Svitolina,p2_games,over,13.5,0.2364,4.23,3.35,0.2796,-4.3,-0.2081,0,100,1902610
2026-10-05 08:30,wta,WTA 1000,China Open,Hard,3,Maria Sakkari,Elina Svitolina,p2_games,under,13.5,0.7636,1.31,1.3,0.7204,4.3,-0.0073,0,100,1902610
2026-10-05 08:30,wta,WTA 1000,China Open,Hard,3,Maria Sakkari,Elina Svitolina,game_handicap,player_a,4.5,0.4287,2.33,,,,,0,100,1902610
2026-10-05 08:30,wta,WTA 1000,China Open,Hard,3,Maria Sakkari,Elina Svitolina,game_handicap,player_b,-4.5,0.5713,1.75,,,,,0,100,1902610
2026-10-05 12:30,wta,WTA 1000,China Open,Hard,3,Coco Gauff,Xinran Sun,winner,player_a,,0.9255,1.08,1.04,0.9259,-0.0,-0.0374,0,66,1902669
2026-10-05 12:30,wta,WTA 1000,China Open,Hard,3,Coco Gauff,Xinran Sun,winner,player_b,,0.0745,13.43,13.0,0.0741,0.0,-0.032,0,66,1902669
2026-10-05 12:30,wta,WTA 1000,China Open,Hard,3,Coco Gauff,Xinran Sun,total_games,over,16.5,0.5146,1.94,1.6,0.5855,-7.1,-0.1766,1,66,1902669
2026-10-05 12:30,wta,WTA 1000,China Open,Hard,3,Coco Gauff,Xinran Sun,total_games,under,16.5,0.4854,2.06,2.26,0.4145,7.1,0.097,1,66,1902669
2026-10-05 12:30,wta,WTA 1000,China Open,Hard,3,Coco Gauff,Xinran Sun,total_games,over,17.5,0.4126,2.42,1.97,0.4747,-6.2,-0.1871,1,66,1902669
2026-10-05 12:30,wta,WTA 1000,China Open,Hard,3,Coco Gauff,Xinran Sun,total_games,under,17.5,0.5874,1.7,1.78,0.5253,6.2,0.0455,1,66,1902669
2026-10-05 12:30,wta,WTA 1000,China Open,Hard,3,Coco Gauff,Xinran Sun,total_games,over,18.5,0.3358,2.98,2.41,0.3883,-5.3,-0.1907,1,66,1902669
2026-10-05 12:30,wta,WTA 1000,China Open,Hard,3,Coco Gauff,Xinran Sun,total_games,under,18.5,0.6642,1.51,1.53,0.6117,5.3,0.0162,1,66,1902669
2026-10-05 12:30,wta,WTA 1000,China Open,Hard,3,Coco Gauff,Xinran Sun,p1_games,over,11.5,0.9583,1.04,1.01,0.9224,3.6,-0.0321,1,66,1902669
2026-10-05 12:30,wta,WTA 1000,China Open,Hard,3,Coco Gauff,Xinran Sun,p1_games,under,11.5,0.0417,24.01,12.0,0.0776,-3.6,-0.5002,1,66,1902669
2026-10-05 12:30,wta,WTA 1000,China Open,Hard,3,Coco Gauff,Xinran Sun,p1_games,over,12.5,0.2606,3.84,2.9,0.3208,-6.0,-0.2443,1,66,1902669
2026-10-05 12:30,wta,WTA 1000,China Open,Hard,3,Coco Gauff,Xinran Sun,p1_games,under,12.5,0.7394,1.35,1.37,0.6792,6.0,0.013,1,66,1902669
2026-10-05 12:30,wta,WTA 1000,China Open,Hard,3,Coco Gauff,Xinran Sun,p1_games,over,13.5,0.1398,7.16,5.2,0.1798,-4.0,-0.2733,1,66,1902669
2026-10-05 12:30,wta,WTA 1000,China Open,Hard,3,Coco Gauff,Xinran Sun,p1_games,under,13.5,0.8602,1.16,1.14,0.8202,4.0,-0.0193,1,66,1902669
2026-10-05 12:30,wta,WTA 1000,China Open,Hard,3,Coco Gauff,Xinran Sun,p2_games,over,4.5,0.5195,1.93,1.59,0.5881,-6.9,-0.174,1,66,1902669
2026-10-05 12:30,wta,WTA 1000,China Open,Hard,3,Coco Gauff,Xinran Sun,p2_games,under,4.5,0.4805,2.08,2.27,0.4119,6.9,0.0908,1,66,1902669
2026-10-05 12:30,wta,WTA 1000,China Open,Hard,3,Coco Gauff,Xinran Sun,p2_games,over,5.5,0.4136,2.42,1.99,0.4693,-5.6,-0.1769,1,66,1902669
2026-10-05 12:30,wta,WTA 1000,China Open,Hard,3,Coco Gauff,Xinran Sun,p2_games,under,5.5,0.5864,1.71,1.76,0.5307,5.6,0.0321,1,66,1902669
2026-10-05 12:30,wta,WTA 1000,China Open,Hard,3,Coco Gauff,Xinran Sun,p2_games,over,6.5,0.3287,3.04,2.55,0.3672,-3.9,-0.1619,1,66,1902669
2026-10-05 12:30,wta,WTA 1000,China Open,Hard,3,Coco Gauff,Xinran Sun,p2_games,under,6.5,0.6713,1.49,1.48,0.6328,3.9,-0.0064,1,66,1902669
2026-10-05 12:30,wta,WTA 1000,China Open,Hard,3,Coco Gauff,Xinran Sun,game_handicap,player_a,-6.5,0.6277,1.59,,,,,1,66,1902669
2026-10-05 12:30,wta,WTA 1000,China Open,Hard,3,Coco Gauff,Xinran Sun,game_handicap,player_b,6.5,0.3723,2.69,,,,,1,66,1902669
2026-10-05 13:00,atp,ATP Challenger,"Antofagasta, Chile",Clay,3,Alex Barrena,Matheus Pucinelli de Almeida,winner,player_a,,0.5437,1.84,,,,,0,94,1902833
2026-10-05 13:00,atp,ATP Challenger,"Antofagasta, Chile",Clay,3,Alex Barrena,Matheus Pucinelli de Almeida,winner,player_b,,0.4563,2.19,,,,,0,94,1902833
2026-10-05 13:00,atp,ATP Challenger,"Antofagasta, Chile",Clay,3,Alex Barrena,Matheus Pucinelli de Almeida,total_games,over,22.5,0.4443,2.25,,,,,0,94,1902833
2026-10-05 13:00,atp,ATP Challenger,"Antofagasta, Chile",Clay,3,Alex Barrena,Matheus Pucinelli de Almeida,total_games,under,22.5,0.5557,1.8,,,,,0,94,1902833
2026-10-05 13:00,atp,ATP Challenger,"Antofagasta, Chile",Clay,3,Alex Barrena,Matheus Pucinelli de Almeida,p1_games,over,12.5,0.435,2.3,,,,,0,94,1902833
2026-10-05 13:00,atp,ATP Challenger,"Antofagasta, Chile",Clay,3,Alex Barrena,Matheus Pucinelli de Almeida,p1_games,under,12.5,0.565,1.77,,,,,0,94,1902833
2026-10-05 13:00,atp,ATP Challenger,"Antofagasta, Chile",Clay,3,Alex Barrena,Matheus Pucinelli de Almeida,p2_games,over,12.5,0.4057,2.47,,,,,0,94,1902833
2026-10-05 13:00,atp,ATP Challenger,"Antofagasta, Chile",Clay,3,Alex Barrena,Matheus Pucinelli de Almeida,p2_games,under,12.5,0.5943,1.68,,,,,0,94,1902833
2026-10-05 13:00,atp,ATP Challenger,"Antofagasta, Chile",Clay,3,Alex Barrena,Matheus Pucinelli de Almeida,game_handicap,player_a,-0.5,0.529,1.89,,,,,0,94,1902833
2026-10-05 13:00,atp,ATP Challenger,"Antofagasta, Chile",Clay,3,Alex Barrena,Matheus Pucinelli de Almeida,game_handicap,player_b,0.5,0.471,2.12,,,,,0,94,1902833
2026-10-05 13:00,atp,ATP Challenger,"Antofagasta, Chile",Clay,3,Felipe Meligeni Rodrigues Alves,Juan Pablo Varillas,winner,player_a,,0.4358,2.29,,,,,0,88,1902835
2026-10-05 13:00,atp,ATP Challenger,"Antofagasta, Chile",Clay,3,Felipe Meligeni Rodrigues Alves,Juan Pablo Varillas,winner,player_b,,0.5642,1.77,,,,,0,88,1902835
2026-10-05 13:00,atp,ATP Challenger,"Antofagasta, Chile",Clay,3,Felipe Meligeni Rodrigues Alves,Juan Pablo Varillas,total_games,over,22.5,0.4696,2.13,,,,,0,88,1902835
2026-10-05 13:00,atp,ATP Challenger,"Antofagasta, Chile",Clay,3,Felipe Meligeni Rodrigues Alves,Juan Pablo Varillas,total_games,under,22.5,0.5304,1.89,,,,,0,88,1902835
2026-10-05 13:00,atp,ATP Challenger,"Antofagasta, Chile",Clay,3,Felipe Meligeni Rodrigues Alves,Juan Pablo Varillas,p1_games,over,12.5,0.429,2.33,,,,,0,88,1902835
2026-10-05 13:00,atp,ATP Challenger,"Antofagasta, Chile",Clay,3,Felipe Meligeni Rodrigues Alves,Juan Pablo Varillas,p1_games,under,12.5,0.571,1.75,,,,,0,88,1902835
2026-10-05 13:00,atp,ATP Challenger,"Antofagasta, Chile",Clay,3,Felipe Meligeni Rodrigues Alves,Juan Pablo Varillas,p2_games,over,12.5,0.4741,2.11,,,,,0,88,1902835
2026-10-05 13:00,atp,ATP Challenger,"Antofagasta, Chile",Clay,3,Felipe Meligeni Rodrigues Alves,Juan Pablo Varillas,p2_games,under,12.5,0.5259,1.9,,,,,0,88,1902835
2026-10-05 13:00,atp,ATP Challenger,"Antofagasta, Chile",Clay,3,Felipe Meligeni Rodrigues Alves,Juan Pablo Varillas,game_handicap,player_a,1.5,0.4858,2.06,,,,,0,88,1902835
2026-10-05 13:00,atp,ATP Challenger,"Antofagasta, Chile",Clay,3,Felipe Meligeni Rodrigues Alves,Juan Pablo Varillas,game_handicap,player_b,-1.5,0.5142,1.94,,,,,0,88,1902835
2026-10-05 13:00,atp,ATP Challenger,"Antofagasta, Chile",Clay,3,Franco Roncadelli,Marcelo Barrios,winner,player_a,,0.6992,1.43,,,,,0,72,1902836
2026-10-05 13:00,atp,ATP Challenger,"Antofagasta, Chile",Clay,3,Franco Roncadelli,Marcelo Barrios,winner,player_b,,0.3008,3.32,,,,,0,72,1902836
2026-10-05 13:00,atp,ATP Challenger,"Antofagasta, Chile",Clay,3,Franco Roncadelli,Marcelo Barrios,total_games,over,21.5,0.4618,2.17,,,,,1,72,1902836
2026-10-05 13:00,atp,ATP Challenger,"Antofagasta, Chile",Clay,3,Franco Roncadelli,Marcelo Barrios,total_games,under,21.5,0.5382,1.86,,,,,1,72,1902836
2026-10-05 13:00,atp,ATP Challenger,"Antofagasta, Chile",Clay,3,Franco Roncadelli,Marcelo Barrios,p1_games,over,12.5,0.4516,2.21,,,,,1,72,1902836
2026-10-05 13:00,atp,ATP Challenger,"Antofagasta, Chile",Clay,3,Franco Roncadelli,Marcelo Barrios,p1_games,under,12.5,0.5484,1.82,,,,,1,72,1902836
2026-10-05 13:00,atp,ATP Challenger,"Antofagasta, Chile",Clay,3,Franco Roncadelli,Marcelo Barrios,p2_games,over,10.5,0.4917,2.03,,,,,1,72,1902836
2026-10-05 13:00,atp,ATP Challenger,"Antofagasta, Chile",Clay,3,Franco Roncadelli,Marcelo Barrios,p2_games,under,10.5,0.5083,1.97,,,,,1,72,1902836
2026-10-05 13:00,atp,ATP Challenger,"Antofagasta, Chile",Clay,3,Franco Roncadelli,Marcelo Barrios,game_handicap,player_a,-3.5,0.555,1.8,,,,,1,72,1902836
2026-10-05 13:00,atp,ATP Challenger,"Antofagasta, Chile",Clay,3,Franco Roncadelli,Marcelo Barrios,game_handicap,player_b,3.5,0.445,2.25,,,,,1,72,1902836
2026-10-05 13:00,atp,ATP Challenger,"Antofagasta, Chile",Clay,3,Genaro Alberto Olivieri,Valerio Aboian,winner,player_a,,0.5533,1.81,1.54,0.6081,-5.5,-0.148,0,100,1902837
2026-10-05 13:00,atp,ATP Challenger,"Antofagasta, Chile",Clay,3,Genaro Alberto Olivieri,Valerio Aboian,winner,player_b,,0.4467,2.24,2.39,0.3919,5.5,0.0677,0,100,1902837
2026-10-05 13:00,atp,ATP Challenger,"Antofagasta, Chile",Clay,3,Genaro Alberto Olivieri,Valerio Aboian,total_games,over,22.5,0.4452,2.25,,,,,0,100,1902837
2026-10-05 13:00,atp,ATP Challenger,"Antofagasta, Chile",Clay,3,Genaro Alberto Olivieri,Valerio Aboian,total_games,under,22.5,0.5548,1.8,,,,,0,100,1902837
2026-10-05 13:00,atp,ATP Challenger,"Antofagasta, Chile",Clay,3,Genaro Alberto Olivieri,Valerio Aboian,p1_games,over,12.5,0.4396,2.27,,,,,0,100,1902837
2026-10-05 13:00,atp,ATP Challenger,"Antofagasta, Chile",Clay,3,Genaro Alberto Olivieri,Valerio Aboian,p1_games,under,12.5,0.5604,1.78,,,,,0,100,1902837
2026-10-05 13:00,atp,ATP Challenger,"Antofagasta, Chile",Clay,3,Genaro Alberto Olivieri,Valerio Aboian,p2_games,over,12.5,0.4041,2.47,,,,,0,100,1902837
2026-10-05 13:00,atp,ATP Challenger,"Antofagasta, Chile",Clay,3,Genaro Alberto Olivieri,Valerio Aboian,p2_games,under,12.5,0.5959,1.68,,,,,0,100,1902837
2026-10-05 13:00,atp,ATP Challenger,"Antofagasta, Chile",Clay,3,Genaro Alberto Olivieri,Valerio Aboian,game_handicap,player_a,-1.5,0.5061,1.98,,,,,0,100,1902837
2026-10-05 13:00,atp,ATP Challenger,"Antofagasta, Chile",Clay,3,Genaro Alberto Olivieri,Valerio Aboian,game_handicap,player_b,1.5,0.4939,2.02,,,,,0,100,1902837
2026-10-05 13:00,atp,ATP Challenger,"Antofagasta, Chile",Clay,3,Gonzalo Villanueva,Nick Hardt,winner,player_a,,0.5828,1.72,1.87,0.5,8.3,0.0898,0,100,1902831
2026-10-05 13:00,atp,ATP Challenger,"Antofagasta, Chile",Clay,3,Gonzalo Villanueva,Nick Hardt,winner,player_b,,0.4172,2.4,1.87,0.5,-8.3,-0.2198,0,100,1902831
2026-10-05 13:00,atp,ATP Challenger,"Antofagasta, Chile",Clay,3,Gonzalo Villanueva,Nick Hardt,total_games,over,21.5,0.4987,2.01,,,,,0,100,1902831
2026-10-05 13:00,atp,ATP Challenger,"Antofagasta, Chile",Clay,3,Gonzalo Villanueva,Nick Hardt,total_games,under,21.5,0.5013,1.99,,,,,0,100,1902831
2026-10-05 13:00,atp,ATP Challenger,"Antofagasta, Chile",Clay,3,Gonzalo Villanueva,Nick Hardt,p1_games,over,12.5,0.4435,2.25,,,,,0,100,1902831
2026-10-05 13:00,atp,ATP Challenger,"Antofagasta, Chile",Clay,3,Gonzalo Villanueva,Nick Hardt,p1_games,under,12.5,0.5565,1.8,,,,,0,100,1902831
2026-10-05 13:00,atp,ATP Challenger,"Antofagasta, Chile",Clay,3,Gonzalo Villanueva,Nick Hardt,p2_games,over,12.5,0.388,2.58,,,,,0,100,1902831
2026-10-05 13:00,atp,ATP Challenger,"Antofagasta, Chile",Clay,3,Gonzalo Villanueva,Nick Hardt,p2_games,under,12.5,0.612,1.63,,,,,0,100,1902831
2026-10-05 13:00,atp,ATP Challenger,"Antofagasta, Chile",Clay,3,Gonzalo Villanueva,Nick Hardt,game_handicap,player_a,-1.5,0.5368,1.86,,,,,0,100,1902831
2026-10-05 13:00,atp,ATP Challenger,"Antofagasta, Chile",Clay,3,Gonzalo Villanueva,Nick Hardt,game_handicap,player_b,1.5,0.4632,2.16,,,,,0,100,1902831
2026-10-05 13:00,atp,ATP Challenger,"Antofagasta, Chile",Clay,3,Guido Justo,Francisco Comesana,winner,player_a,,0.3789,2.64,,,,,0,88,1902834
2026-10-05 13:00,atp,ATP Challenger,"Antofagasta, Chile",Clay,3,Guido Justo,Francisco Comesana,winner,player_b,,0.6211,1.61,,,,,0,88,1902834
2026-10-05 13:00,atp,ATP Challenger,"Antofagasta, Chile",Clay,3,Guido Justo,Francisco Comesana,total_games,over,22.5,0.4404,2.27,,,,,0,88,1902834
2026-10-05 13:00,atp,ATP Challenger,"Antofagasta, Chile",Clay,3,Guido Justo,Francisco Comesana,total_games,under,22.5,0.5596,1.79,,,,,0,88,1902834
2026-10-05 13:00,atp,ATP Challenger,"Antofagasta, Chile",Clay,3,Guido Justo,Francisco Comesana,p1_games,over,12.5,0.3793,2.64,,,,,0,88,1902834
2026-10-05 13:00,atp,ATP Challenger,"Antofagasta, Chile",Clay,3,Guido Justo,Francisco Comesana,p1_games,under,12.5,0.6207,1.61,,,,,0,88,1902834
2026-10-05 13:00,atp,ATP Challenger,"Antofagasta, Chile",Clay,3,Guido Justo,Francisco Comesana,p2_games,over,12.5,0.4615,2.17,,,,,0,88,1902834
2026-10-05 13:00,atp,ATP Challenger,"Antofagasta, Chile",Clay,3,Guido Justo,Francisco Comesana,p2_games,under,12.5,0.5385,1.86,,,,,0,88,1902834
2026-10-05 13:00,atp,ATP Challenger,"Antofagasta, Chile",Clay,3,Guido Justo,Francisco Comesana,game_handicap,player_a,2.5,0.4686,2.13,,,,,0,88,1902834
2026-10-05 13:00,atp,ATP Challenger,"Antofagasta, Chile",Clay,3,Guido Justo,Francisco Comesana,game_handicap,player_b,-2.5,0.5314,1.88,,,,,0,88,1902834
2026-10-05 13:00,atp,ATP Challenger,"Antofagasta, Chile",Clay,3,Juan Bautista Torres,Pedro Boscardin Dias,winner,player_a,,0.4689,2.13,,,,,0,94,1902832
2026-10-05 13:00,atp,ATP Challenger,"Antofagasta, Chile",Clay,3,Juan Bautista Torres,Pedro Boscardin Dias,winner,player_b,,0.5311,1.88,,,,,0,94,1902832
2026-10-05 13:00,atp,ATP Challenger,"Antofagasta, Chile",Clay,3,Juan Bautista Torres,Pedro Boscardin Dias,total_games,over,22.5,0.4413,2.27,,,,,0,94,1902832
2026-10-05 13:00,atp,ATP Challenger,"Antofagasta, Chile",Clay,3,Juan Bautista Torres,Pedro Boscardin Dias,total_games,under,22.5,0.5587,1.79,,,,,0,94,1902832
2026-10-05 13:00,atp,ATP Challenger,"Antofagasta, Chile",Clay,3,Juan Bautista Torres,Pedro Boscardin Dias,p1_games,over,12.5,0.4059,2.46,,,,,0,94,1902832
2026-10-05 13:00,atp,ATP Challenger,"Antofagasta, Chile",Clay,3,Juan Bautista Torres,Pedro Boscardin Dias,p1_games,under,12.5,0.5941,1.68,,,,,0,94,1902832
2026-10-05 13:00,atp,ATP Challenger,"Antofagasta, Chile",Clay,3,Juan Bautista Torres,Pedro Boscardin Dias,p2_games,over,12.5,0.4268,2.34,,,,,0,94,1902832
2026-10-05 13:00,atp,ATP Challenger,"Antofagasta, Chile",Clay,3,Juan Bautista Torres,Pedro Boscardin Dias,p2_games,under,12.5,0.5732,1.74,,,,,0,94,1902832
2026-10-05 13:00,atp,ATP Challenger,"Antofagasta, Chile",Clay,3,Juan Bautista Torres,Pedro Boscardin Dias,game_handicap,player_a,0.5,0.4832,2.07,,,,,0,94,1902832
2026-10-05 13:00,atp,ATP Challenger,"Antofagasta, Chile",Clay,3,Juan Bautista Torres,Pedro Boscardin Dias,game_handicap,player_b,-0.5,0.5168,1.94,,,,,0,94,1902832
2026-10-05 13:00,atp,ATP Challenger,"Antofagasta, Chile",Clay,3,Murkel Dellien,Juan Estevez,winner,player_a,,0.4242,2.36,2.04,0.4574,-3.3,-0.1346,0,69,1902830
2026-10-05 13:00,atp,ATP Challenger,"Antofagasta, Chile",Clay,3,Murkel Dellien,Juan Estevez,winner,player_b,,0.5758,1.74,1.72,0.5426,3.3,-0.0097,0,69,1902830
2026-10-05 13:00,atp,ATP Challenger,"Antofagasta, Chile",Clay,3,Murkel Dellien,Juan Estevez,total_games,over,22.5,0.4461,2.24,,,,,1,69,1902830
2026-10-05 13:00,atp,ATP Challenger,"Antofagasta, Chile",Clay,3,Murkel Dellien,Juan Estevez,total_games,under,22.5,0.5539,1.81,,,,,1,69,1902830
2026-10-05 13:00,atp,ATP Challenger,"Antofagasta, Chile",Clay,3,Murkel Dellien,Juan Estevez,p1_games,over,12.5,0.3984,2.51,,,,,1,69,1902830
2026-10-05 13:00,atp,ATP Challenger,"Antofagasta, Chile",Clay,3,Murkel Dellien,Juan Estevez,p1_games,under,12.5,0.6016,1.66,,,,,1,69,1902830
2026-10-05 13:00,atp,ATP Challenger,"Antofagasta, Chile",Clay,3,Murkel Dellien,Juan Estevez,p2_games,over,12.5,0.4496,2.22,,,,,1,69,1902830
2026-10-05 13:00,atp,ATP Challenger,"Antofagasta, Chile",Clay,3,Murkel Dellien,Juan Estevez,p2_games,under,12.5,0.5504,1.82,,,,,1,69,1902830
2026-10-05 13:00,atp,ATP Challenger,"Antofagasta, Chile",Clay,3,Murkel Dellien,Juan Estevez,game_handicap,player_a,1.5,0.4713,2.12,,,,,1,69,1902830
2026-10-05 13:00,atp,ATP Challenger,"Antofagasta, Chile",Clay,3,Murkel Dellien,Juan Estevez,game_handicap,player_b,-1.5,0.5287,1.89,,,,,1,69,1902830
2026-10-05 13:00,atp,ATP Challenger,"Antofagasta, Chile",Clay,3,Samuel Heredia,Eduardo Ribeiro,winner,player_a,,0.2795,3.58,,,,,0,94,1902828
2026-10-05 13:00,atp,ATP Challenger,"Antofagasta, Chile",Clay,3,Samuel Heredia,Eduardo Ribeiro,winner,player_b,,0.7205,1.39,,,,,0,94,1902828
2026-10-05 13:00,atp,ATP Challenger,"Antofagasta, Chile",Clay,3,Samuel Heredia,Eduardo Ribeiro,total_games,over,21.5,0.4704,2.13,,,,,0,94,1902828
2026-10-05 13:00,atp,ATP Challenger,"Antofagasta, Chile",Clay,3,Samuel Heredia,Eduardo Ribeiro,total_games,under,21.5,0.5296,1.89,,,,,0,94,1902828
2026-10-05 13:00,atp,ATP Challenger,"Antofagasta, Chile",Clay,3,Samuel Heredia,Eduardo Ribeiro,p1_games,over,10.5,0.4796,2.08,,,,,0,94,1902828
2026-10-05 13:00,atp,ATP Challenger,"Antofagasta, Chile",Clay,3,Samuel Heredia,Eduardo Ribeiro,p1_games,under,10.5,0.5204,1.92,,,,,0,94,1902828
2026-10-05 13:00,atp,ATP Challenger,"Antofagasta, Chile",Clay,3,Samuel Heredia,Eduardo Ribeiro,p2_games,over,12.5,0.4685,2.13,,,,,0,94,1902828
2026-10-05 13:00,atp,ATP Challenger,"Antofagasta, Chile",Clay,3,Samuel Heredia,Eduardo Ribeiro,p2_games,under,12.5,0.5315,1.88,,,,,0,94,1902828
2026-10-05 13:00,atp,ATP Challenger,"Antofagasta, Chile",Clay,3,Samuel Heredia,Eduardo Ribeiro,game_handicap,player_a,3.5,0.4345,2.3,,,,,0,94,1902828
2026-10-05 13:00,atp,ATP Challenger,"Antofagasta, Chile",Clay,3,Samuel Heredia,Eduardo Ribeiro,game_handicap,player_b,-3.5,0.5655,1.77,,,,,0,94,1902828
2026-10-05 13:00,atp,ATP Challenger,"Antofagasta, Chile",Clay,3,Thiago Seyboth Wild,Matias Soto,winner,player_a,,0.6788,1.47,,,,,0,94,1902829
2026-10-05 13:00,atp,ATP Challenger,"Antofagasta, Chile",Clay,3,Thiago Seyboth Wild,Matias Soto,winner,player_b,,0.3212,3.11,,,,,0,94,1902829
2026-10-05 13:00,atp,ATP Challenger,"Antofagasta, Chile",Clay,3,Thiago Seyboth Wild,Matias Soto,total_games,over,22.5,0.4464,2.24,,,,,0,94,1902829
2026-10-05 13:00,atp,ATP Challenger,"Antofagasta, Chile",Clay,3,Thiago Seyboth Wild,Matias Soto,total_games,under,22.5,0.5536,1.81,,,,,0,94,1902829
2026-10-05 13:00,atp,ATP Challenger,"Antofagasta, Chile",Clay,3,Thiago Seyboth Wild,Matias Soto,p1_games,over,12.5,0.4962,2.02,,,,,0,94,1902829
2026-10-05 13:00,atp,ATP Challenger,"Antofagasta, Chile",Clay,3,Thiago Seyboth Wild,Matias Soto,p1_games,under,12.5,0.5038,1.98,,,,,0,94,1902829
2026-10-05 13:00,atp,ATP Challenger,"Antofagasta, Chile",Clay,3,Thiago Seyboth Wild,Matias Soto,p2_games,over,12.5,0.3711,2.69,,,,,0,94,1902829
2026-10-05 13:00,atp,ATP Challenger,"Antofagasta, Chile",Clay,3,Thiago Seyboth Wild,Matias Soto,p2_games,under,12.5,0.6289,1.59,,,,,0,94,1902829
2026-10-05 13:00,atp,ATP Challenger,"Antofagasta, Chile",Clay,3,Thiago Seyboth Wild,Matias Soto,game_handicap,player_a,-3.5,0.5028,1.99,,,,,0,94,1902829
2026-10-05 13:00,atp,ATP Challenger,"Antofagasta, Chile",Clay,3,Thiago Seyboth Wild,Matias Soto,game_handicap,player_b,3.5,0.4972,2.01,,,,,0,94,1902829
2026-10-05 12:00,atp,ATP Challenger,"Braga, Portugal",Clay,3,Duje Ajdukovic,Filip Jianu,winner,player_a,,0.5688,1.76,1.54,0.6071,-3.8,-0.124,0,94,1902827
2026-10-05 12:00,atp,ATP Challenger,"Braga, Portugal",Clay,3,Duje Ajdukovic,Filip Jianu,winner,player_b,,0.4312,2.32,2.38,0.3929,3.8,0.0262,0,94,1902827
2026-10-05 12:00,atp,ATP Challenger,"Braga, Portugal",Clay,3,Duje Ajdukovic,Filip Jianu,total_games,over,22.5,0.4567,2.19,,,,,0,94,1902827
2026-10-05 12:00,atp,ATP Challenger,"Braga, Portugal",Clay,3,Duje Ajdukovic,Filip Jianu,total_games,under,22.5,0.5433,1.84,,,,,0,94,1902827
2026-10-05 12:00,atp,ATP Challenger,"Braga, Portugal",Clay,3,Duje Ajdukovic,Filip Jianu,p1_games,over,12.5,0.4604,2.17,,,,,0,94,1902827
2026-10-05 12:00,atp,ATP Challenger,"Braga, Portugal",Clay,3,Duje Ajdukovic,Filip Jianu,p1_games,under,12.5,0.5396,1.85,,,,,0,94,1902827
2026-10-05 12:00,atp,ATP Challenger,"Braga, Portugal",Clay,3,Duje Ajdukovic,Filip Jianu,p2_games,over,12.5,0.4126,2.42,,,,,0,94,1902827
2026-10-05 12:00,atp,ATP Challenger,"Braga, Portugal",Clay,3,Duje Ajdukovic,Filip Jianu,p2_games,under,12.5,0.5874,1.7,,,,,0,94,1902827
2026-10-05 12:00,atp,ATP Challenger,"Braga, Portugal",Clay,3,Duje Ajdukovic,Filip Jianu,game_handicap,player_a,-1.5,0.5212,1.92,,,,,0,94,1902827
2026-10-05 12:00,atp,ATP Challenger,"Braga, Portugal",Clay,3,Duje Ajdukovic,Filip Jianu,game_handicap,player_b,1.5,0.4788,2.09,,,,,0,94,1902827
2026-10-05 12:00,atp,ATP Challenger,"Braga, Portugal",Clay,3,Goncalo Marques,Nikolas Sanchez Izquierdo,winner,player_a,,0.1889,5.29,6.6,0.1417,4.7,0.2467,0,78,1902825
2026-10-05 12:00,atp,ATP Challenger,"Braga, Portugal",Clay,3,Goncalo Marques,Nikolas Sanchez Izquierdo,winner,player_b,,0.8111,1.23,1.09,0.8583,-4.7,-0.1159,0,78,1902825
2026-10-05 12:00,atp,ATP Challenger,"Braga, Portugal",Clay,3,Goncalo Marques,Nikolas Sanchez Izquierdo,total_games,over,20.5,0.4425,2.26,,,,,1,78,1902825
2026-10-05 12:00,atp,ATP Challenger,"Braga, Portugal",Clay,3,Goncalo Marques,Nikolas Sanchez Izquierdo,total_games,under,20.5,0.5575,1.79,,,,,1,78,1902825
2026-10-05 12:00,atp,ATP Challenger,"Braga, Portugal",Clay,3,Goncalo Marques,Nikolas Sanchez Izquierdo,p1_games,over,8.5,0.4551,2.2,,,,,1,78,1902825
2026-10-05 12:00,atp,ATP Challenger,"Braga, Portugal",Clay,3,Goncalo Marques,Nikolas Sanchez Izquierdo,p1_games,under,8.5,0.5449,1.84,,,,,1,78,1902825
2026-10-05 12:00,atp,ATP Challenger,"Braga, Portugal",Clay,3,Goncalo Marques,Nikolas Sanchez Izquierdo,p2_games,over,12.5,0.4298,2.33,,,,,1,78,1902825
2026-10-05 12:00,atp,ATP Challenger,"Braga, Portugal",Clay,3,Goncalo Marques,Nikolas Sanchez Izquierdo,p2_games,under,12.5,0.5702,1.75,,,,,1,78,1902825
2026-10-05 12:00,atp,ATP Challenger,"Braga, Portugal",Clay,3,Goncalo Marques,Nikolas Sanchez Izquierdo,game_handicap,player_a,4.5,0.4155,2.41,,,,,1,78,1902825
2026-10-05 12:00,atp,ATP Challenger,"Braga, Portugal",Clay,3,Goncalo Marques,Nikolas Sanchez Izquierdo,game_handicap,player_b,-4.5,0.5845,1.71,,,,,1,78,1902825
2026-10-05 12:00,atp,ATP Challenger,"Braga, Portugal",Clay,3,Zsombor Piros,Tristan Boyer,winner,player_a,,0.6695,1.49,1.5,0.6241,4.5,0.0042,0,100,1902817
2026-10-05 12:00,atp,ATP Challenger,"Braga, Portugal",Clay,3,Zsombor Piros,Tristan Boyer,winner,player_b,,0.3305,3.03,2.49,0.3759,-4.5,-0.177,0,100,1902817
2026-10-05 12:00,atp,ATP Challenger,"Braga, Portugal",Clay,3,Zsombor Piros,Tristan Boyer,total_games,over,21.5,0.4958,2.02,,,,,0,100,1902817
2026-10-05 12:00,atp,ATP Challenger,"Braga, Portugal",Clay,3,Zsombor Piros,Tristan Boyer,total_games,under,21.5,0.5042,1.98,,,,,0,100,1902817
2026-10-05 12:00,atp,ATP Challenger,"Braga, Portugal",Clay,3,Zsombor Piros,Tristan Boyer,p1_games,over,12.5,0.4735,2.11,,,,,0,100,1902817
2026-10-05 12:00,atp,ATP Challenger,"Braga, Portugal",Clay,3,Zsombor Piros,Tristan Boyer,p1_games,under,12.5,0.5265,1.9,,,,,0,100,1902817
2026-10-05 12:00,atp,ATP Challenger,"Braga, Portugal",Clay,3,Zsombor Piros,Tristan Boyer,p2_games,over,11.5,0.4983,2.01,,,,,0,100,1902817
2026-10-05 12:00,atp,ATP Challenger,"Braga, Portugal",Clay,3,Zsombor Piros,Tristan Boyer,p2_games,under,11.5,0.5017,1.99,,,,,0,100,1902817
2026-10-05 12:00,atp,ATP Challenger,"Braga, Portugal",Clay,3,Zsombor Piros,Tristan Boyer,game_handicap,player_a,-3.5,0.5091,1.96,,,,,0,100,1902817
2026-10-05 12:00,atp,ATP Challenger,"Braga, Portugal",Clay,3,Zsombor Piros,Tristan Boyer,game_handicap,player_b,3.5,0.4909,2.04,,,,,0,100,1902817
2026-10-05 13:30,atp,ATP Challenger,"Braga, Portugal",Clay,3,Thiago Monteiro,Elmer Moller,winner,player_a,,0.5254,1.9,,,,,0,94,1902823
2026-10-05 13:30,atp,ATP Challenger,"Braga, Portugal",Clay,3,Thiago Monteiro,Elmer Moller,winner,player_b,,0.4746,2.11,,,,,0,94,1902823
2026-10-05 13:30,atp,ATP Challenger,"Braga, Portugal",Clay,3,Thiago Monteiro,Elmer Moller,total_games,over,22.5,0.4644,2.15,,,,,0,94,1902823
2026-10-05 13:30,atp,ATP Challenger,"Braga, Portugal",Clay,3,Thiago Monteiro,Elmer Moller,total_games,under,22.5,0.5356,1.87,,,,,0,94,1902823
2026-10-05 13:30,atp,ATP Challenger,"Braga, Portugal",Clay,3,Thiago Monteiro,Elmer Moller,p1_games,over,12.5,0.4532,2.21,,,,,0,94,1902823
2026-10-05 13:30,atp,ATP Challenger,"Braga, Portugal",Clay,3,Thiago Monteiro,Elmer Moller,p1_games,under,12.5,0.5468,1.83,,,,,0,94,1902823
2026-10-05 13:30,atp,ATP Challenger,"Braga, Portugal",Clay,3,Thiago Monteiro,Elmer Moller,p2_games,over,12.5,0.4353,2.3,,,,,0,94,1902823
2026-10-05 13:30,atp,ATP Challenger,"Braga, Portugal",Clay,3,Thiago Monteiro,Elmer Moller,p2_games,under,12.5,0.5647,1.77,,,,,0,94,1902823
2026-10-05 13:30,atp,ATP Challenger,"Braga, Portugal",Clay,3,Thiago Monteiro,Elmer Moller,game_handicap,player_a,-0.5,0.5099,1.96,,,,,0,94,1902823
2026-10-05 13:30,atp,ATP Challenger,"Braga, Portugal",Clay,3,Thiago Monteiro,Elmer Moller,game_handicap,player_b,0.5,0.4901,2.04,,,,,0,94,1902823
2026-10-05 13:30,atp,ATP Challenger,"Braga, Portugal",Clay,3,Vilius Gaubas,Joao Domingues,winner,player_a,,0.7736,1.29,1.11,0.8394,-6.6,-0.1414,0,100,1902822
2026-10-05 13:30,atp,ATP Challenger,"Braga, Portugal",Clay,3,Vilius Gaubas,Joao Domingues,winner,player_b,,0.2264,4.42,5.8,0.1606,6.6,0.3134,0,100,1902822
2026-10-05 13:30,atp,ATP Challenger,"Braga, Portugal",Clay,3,Vilius Gaubas,Joao Domingues,total_games,over,20.5,0.4698,2.13,,,,,0,100,1902822
2026-10-05 13:30,atp,ATP Challenger,"Braga, Portugal",Clay,3,Vilius Gaubas,Joao Domingues,total_games,under,20.5,0.5302,1.89,,,,,0,100,1902822
2026-10-05 13:30,atp,ATP Challenger,"Braga, Portugal",Clay,3,Vilius Gaubas,Joao Domingues,p1_games,over,12.5,0.441,2.27,,,,,0,100,1902822
2026-10-05 13:30,atp,ATP Challenger,"Braga, Portugal",Clay,3,Vilius Gaubas,Joao Domingues,p1_games,under,12.5,0.559,1.79,,,,,0,100,1902822
2026-10-05 13:30,atp,ATP Challenger,"Braga, Portugal",Clay,3,Vilius Gaubas,Joao Domingues,p2_games,over,9.5,0.4505,2.22,,,,,0,100,1902822
2026-10-05 13:30,atp,ATP Challenger,"Braga, Portugal",Clay,3,Vilius Gaubas,Joao Domingues,p2_games,under,9.5,0.5495,1.82,,,,,0,100,1902822
2026-10-05 13:30,atp,ATP Challenger,"Braga, Portugal",Clay,3,Vilius Gaubas,Joao Domingues,game_handicap,player_a,-4.5,0.5407,1.85,,,,,0,100,1902822
2026-10-05 13:30,atp,ATP Challenger,"Braga, Portugal",Clay,3,Vilius Gaubas,Joao Domingues,game_handicap,player_b,4.5,0.4593,2.18,,,,,0,100,1902822
2026-10-05 12:00,atp,ATP Challenger,"Villena, Spain",Hard,3,Daniel Rincon,Alejo Sanchez Quilez,winner,player_a,,0.5935,1.68,1.58,0.5907,0.3,-0.0622,0,100,1902809
2026-10-05 12:00,atp,ATP Challenger,"Villena, Spain",Hard,3,Daniel Rincon,Alejo Sanchez Quilez,winner,player_b,,0.4065,2.46,2.28,0.4093,-0.3,-0.0733,0,100,1902809
2026-10-05 12:00,atp,ATP Challenger,"Villena, Spain",Hard,3,Daniel Rincon,Alejo Sanchez Quilez,total_games,over,22.5,0.4458,2.24,1.88,0.4919,-4.6,-0.1618,0,100,1902809
2026-10-05 12:00,atp,ATP Challenger,"Villena, Spain",Hard,3,Daniel Rincon,Alejo Sanchez Quilez,total_games,under,22.5,0.5542,1.8,1.82,0.5081,4.6,0.0086,0,100,1902809
2026-10-05 12:00,atp,ATP Challenger,"Villena, Spain",Hard,3,Daniel Rincon,Alejo Sanchez Quilez,p1_games,over,12.5,0.4568,2.19,1.87,0.496,-3.9,-0.1457,0,100,1902809
2026-10-05 12:00,atp,ATP Challenger,"Villena, Spain",Hard,3,Daniel Rincon,Alejo Sanchez Quilez,p1_games,under,12.5,0.5432,1.84,1.84,0.504,3.9,-0.0006,0,100,1902809
2026-10-05 12:00,atp,ATP Challenger,"Villena, Spain",Hard,3,Daniel Rincon,Alejo Sanchez Quilez,p2_games,over,11.5,0.5689,1.76,1.62,0.5726,-0.4,-0.0784,0,100,1902809
2026-10-05 12:00,atp,ATP Challenger,"Villena, Spain",Hard,3,Daniel Rincon,Alejo Sanchez Quilez,p2_games,under,11.5,0.4311,2.32,2.17,0.4274,0.4,-0.0644,0,100,1902809
2026-10-05 12:00,atp,ATP Challenger,"Villena, Spain",Hard,3,Daniel Rincon,Alejo Sanchez Quilez,game_handicap,player_a,-2.5,0.5038,1.99,,,,,0,100,1902809
2026-10-05 12:00,atp,ATP Challenger,"Villena, Spain",Hard,3,Daniel Rincon,Alejo Sanchez Quilez,game_handicap,player_b,2.5,0.4962,2.02,,,,,0,100,1902809
2026-10-05 12:00,atp,ATP Challenger,"Villena, Spain",Hard,3,Dino Prizmic,Jack Pinnington Jones,winner,player_a,,0.7437,1.34,1.25,0.7475,-0.4,-0.0704,0,100,1902807
2026-10-05 12:00,atp,ATP Challenger,"Villena, Spain",Hard,3,Dino Prizmic,Jack Pinnington Jones,winner,player_b,,0.2563,3.9,3.7,0.2525,0.4,-0.0515,0,100,1902807
2026-10-05 12:00,atp,ATP Challenger,"Villena, Spain",Hard,3,Dino Prizmic,Jack Pinnington Jones,total_games,over,21.5,0.477,2.1,1.95,0.4744,0.3,-0.0699,0,100,1902807
2026-10-05 12:00,atp,ATP Challenger,"Villena, Spain",Hard,3,Dino Prizmic,Jack Pinnington Jones,total_games,under,21.5,0.523,1.91,1.76,0.5256,-0.3,-0.0795,0,100,1902807
2026-10-05 12:00,atp,ATP Challenger,"Villena, Spain",Hard,3,Dino Prizmic,Jack Pinnington Jones,p1_games,over,12.5,0.4844,2.06,1.94,0.4771,0.7,-0.0603,0,100,1902807
2026-10-05 12:00,atp,ATP Challenger,"Villena, Spain",Hard,3,Dino Prizmic,Jack Pinnington Jones,p1_games,under,12.5,0.5156,1.94,1.77,0.5229,-0.7,-0.0874,0,100,1902807
2026-10-05 12:00,atp,ATP Challenger,"Villena, Spain",Hard,3,Dino Prizmic,Jack Pinnington Jones,p2_games,over,8.5,0.5632,1.78,1.77,0.5229,4.0,-0.0031,0,100,1902807
2026-10-05 12:00,atp,ATP Challenger,"Villena, Spain",Hard,3,Dino Prizmic,Jack Pinnington Jones,p2_games,under,8.5,0.4368,2.29,1.94,0.4771,-4.0,-0.1526,0,100,1902807
2026-10-05 12:00,atp,ATP Challenger,"Villena, Spain",Hard,3,Dino Prizmic,Jack Pinnington Jones,game_handicap,player_a,-3.5,0.5789,1.73,,,,,0,100,1902807
2026-10-05 12:00,atp,ATP Challenger,"Villena, Spain",Hard,3,Dino Prizmic,Jack Pinnington Jones,game_handicap,player_b,3.5,0.4211,2.37,,,,,0,100,1902807
2026-10-05 13:30,atp,ATP Challenger,"Villena, Spain",Hard,3,Moez Echargui,Raul Brancaccio,winner,player_a,,0.5027,1.99,1.43,0.6538,-15.1,-0.2812,0,100,1902814
2026-10-05 13:30,atp,ATP Challenger,"Villena, Spain",Hard,3,Moez Echargui,Raul Brancaccio,winner,player_b,,0.4973,2.01,2.7,0.3462,15.1,0.3428,0,100,1902814
2026-10-05 13:30,atp,ATP Challenger,"Villena, Spain",Hard,3,Moez Echargui,Raul Brancaccio,total_games,over,22.5,0.475,2.11,,,,,0,100,1902814
2026-10-05 13:30,atp,ATP Challenger,"Villena, Spain",Hard,3,Moez Echargui,Raul Brancaccio,total_games,under,22.5,0.525,1.9,,,,,0,100,1902814
2026-10-05 13:30,atp,ATP Challenger,"Villena, Spain",Hard,3,Moez Echargui,Raul Brancaccio,p1_games,over,12.5,0.4575,2.19,,,,,0,100,1902814
2026-10-05 13:30,atp,ATP Challenger,"Villena, Spain",Hard,3,Moez Echargui,Raul Brancaccio,p1_games,under,12.5,0.5425,1.84,,,,,0,100,1902814
2026-10-05 13:30,atp,ATP Challenger,"Villena, Spain",Hard,3,Moez Echargui,Raul Brancaccio,p2_games,over,12.5,0.4555,2.2,,,,,0,100,1902814
2026-10-05 13:30,atp,ATP Challenger,"Villena, Spain",Hard,3,Moez Echargui,Raul Brancaccio,p2_games,under,12.5,0.5445,1.84,,,,,0,100,1902814
2026-10-05 13:30,atp,ATP Challenger,"Villena, Spain",Hard,3,Moez Echargui,Raul Brancaccio,game_handicap,player_a,-0.5,0.4864,2.06,,,,,0,100,1902814
2026-10-05 13:30,atp,ATP Challenger,"Villena, Spain",Hard,3,Moez Echargui,Raul Brancaccio,game_handicap,player_b,0.5,0.5136,1.95,,,,,0,100,1902814
2026-10-05 14:00,atp,ATP Challenger,"Villena, Spain",Hard,3,Maxi Carrascosa,Borna Gojo,winner,player_a,,0.129,7.75,,,,,0,47,1902815
2026-10-05 14:00,atp,ATP Challenger,"Villena, Spain",Hard,3,Maxi Carrascosa,Borna Gojo,winner,player_b,,0.871,1.15,,,,,0,47,1902815
2026-10-05 14:00,atp,ATP Challenger,"Villena, Spain",Hard,3,Maxi Carrascosa,Borna Gojo,total_games,over,20.5,0.4755,2.1,,,,,1,47,1902815
2026-10-05 14:00,atp,ATP Challenger,"Villena, Spain",Hard,3,Maxi Carrascosa,Borna Gojo,total_games,under,20.5,0.5245,1.91,,,,,1,47,1902815
2026-10-05 14:00,atp,ATP Challenger,"Villena, Spain",Hard,3,Maxi Carrascosa,Borna Gojo,p1_games,over,8.5,0.4482,2.23,,,,,1,47,1902815
2026-10-05 14:00,atp,ATP Challenger,"Villena, Spain",Hard,3,Maxi Carrascosa,Borna Gojo,p1_games,under,8.5,0.5518,1.81,,,,,1,47,1902815
2026-10-05 14:00,atp,ATP Challenger,"Villena, Spain",Hard,3,Maxi Carrascosa,Borna Gojo,p2_games,over,12.5,0.4796,2.08,,,,,1,47,1902815
2026-10-05 14:00,atp,ATP Challenger,"Villena, Spain",Hard,3,Maxi Carrascosa,Borna Gojo,p2_games,under,12.5,0.5204,1.92,,,,,1,47,1902815
2026-10-05 14:00,atp,ATP Challenger,"Villena, Spain",Hard,3,Maxi Carrascosa,Borna Gojo,game_handicap,player_a,4.5,0.4435,2.25,,,,,1,47,1902815
2026-10-05 14:00,atp,ATP Challenger,"Villena, Spain",Hard,3,Maxi Carrascosa,Borna Gojo,game_handicap,player_b,-4.5,0.5565,1.8,,,,,1,47,1902815
2026-10-05 15:30,atp,ATP Challenger,"Villena, Spain",Hard,3,Pablo Llamas Ruiz,Luca Nardi,winner,player_a,,0.4598,2.18,,,,,0,94,1902811
2026-10-05 15:30,atp,ATP Challenger,"Villena, Spain",Hard,3,Pablo Llamas Ruiz,Luca Nardi,winner,player_b,,0.5402,1.85,,,,,0,94,1902811
2026-10-05 15:30,atp,ATP Challenger,"Villena, Spain",Hard,3,Pablo Llamas Ruiz,Luca Nardi,total_games,over,22.5,0.4762,2.1,,,,,0,94,1902811
2026-10-05 15:30,atp,ATP Challenger,"Villena, Spain",Hard,3,Pablo Llamas Ruiz,Luca Nardi,total_games,under,22.5,0.5238,1.91,,,,,0,94,1902811
2026-10-05 15:30,atp,ATP Challenger,"Villena, Spain",Hard,3,Pablo Llamas Ruiz,Luca Nardi,p1_games,over,12.5,0.4443,2.25,,,,,0,94,1902811
2026-10-05 15:30,atp,ATP Challenger,"Villena, Spain",Hard,3,Pablo Llamas Ruiz,Luca Nardi,p1_games,under,12.5,0.5557,1.8,,,,,0,94,1902811
2026-10-05 15:30,atp,ATP Challenger,"Villena, Spain",Hard,3,Pablo Llamas Ruiz,Luca Nardi,p2_games,over,12.5,0.4724,2.12,,,,,0,94,1902811
2026-10-05 15:30,atp,ATP Challenger,"Villena, Spain",Hard,3,Pablo Llamas Ruiz,Luca Nardi,p2_games,under,12.5,0.5276,1.9,,,,,0,94,1902811
2026-10-05 15:30,atp,ATP Challenger,"Villena, Spain",Hard,3,Pablo Llamas Ruiz,Luca Nardi,game_handicap,player_a,0.5,0.4768,2.1,,,,,0,94,1902811
2026-10-05 15:30,atp,ATP Challenger,"Villena, Spain",Hard,3,Pablo Llamas Ruiz,Luca Nardi,game_handicap,player_b,-0.5,0.5232,1.91,,,,,0,94,1902811
2026-10-05 03:30,wta,WTA Challenger,"Suzhou, China",Hard,3,Alevtina Ibragimova,Rebecca Sramkova,winner,player_a,,0.4978,2.01,2.19,0.4267,7.1,0.0903,0,91,1902838
2026-10-05 03:30,wta,WTA Challenger,"Suzhou, China",Hard,3,Alevtina Ibragimova,Rebecca Sramkova,winner,player_b,,0.5022,1.99,1.63,0.5733,-7.1,-0.1815,0,91,1902838
2026-10-05 03:30,wta,WTA Challenger,"Suzhou, China",Hard,3,Alevtina Ibragimova,Rebecca Sramkova,total_games,over,21.5,0.4622,2.16,1.88,0.4919,-3.0,-0.131,1,91,1902838
2026-10-05 03:30,wta,WTA Challenger,"Suzhou, China",Hard,3,Alevtina Ibragimova,Rebecca Sramkova,total_games,under,21.5,0.5378,1.86,1.82,0.5081,3.0,-0.0213,1,91,1902838
2026-10-05 03:30,wta,WTA Challenger,"Suzhou, China",Hard,3,Alevtina Ibragimova,Rebecca Sramkova,p1_games,over,11.5,0.6323,1.58,1.72,0.5376,9.5,0.0876,1,91,1902838
2026-10-05 03:30,wta,WTA Challenger,"Suzhou, China",Hard,3,Alevtina Ibragimova,Rebecca Sramkova,p1_games,under,11.5,0.3677,2.72,2.0,0.4624,-9.5,-0.2647,1,91,1902838
2026-10-05 03:30,wta,WTA Challenger,"Suzhou, China",Hard,3,Alevtina Ibragimova,Rebecca Sramkova,p2_games,over,12.5,0.3886,2.57,2.31,0.4016,-1.3,-0.1023,1,91,1902838
2026-10-05 03:30,wta,WTA Challenger,"Suzhou, China",Hard,3,Alevtina Ibragimova,Rebecca Sramkova,p2_games,under,12.5,0.6114,1.64,1.55,0.5984,1.3,-0.0523,1,91,1902838
2026-10-05 03:30,wta,WTA Challenger,"Suzhou, China",Hard,3,Alevtina Ibragimova,Rebecca Sramkova,game_handicap,player_a,-0.5,0.4843,2.06,,,,,1,91,1902838
2026-10-05 03:30,wta,WTA Challenger,"Suzhou, China",Hard,3,Alevtina Ibragimova,Rebecca Sramkova,game_handicap,player_b,0.5,0.5157,1.94,,,,,1,91,1902838
2026-10-05 03:30,wta,WTA Challenger,"Suzhou, China",Hard,3,Ruien Zhang,Tatiana Prozorova,winner,player_a,,0.2565,3.9,9.0,0.1036,15.3,1.3089,0,78,1902839
2026-10-05 03:30,wta,WTA Challenger,"Suzhou, China",Hard,3,Ruien Zhang,Tatiana Prozorova,winner,player_b,,0.7435,1.35,1.04,0.8964,-15.3,-0.2268,0,78,1902839
2026-10-05 03:30,wta,WTA Challenger,"Suzhou, China",Hard,3,Ruien Zhang,Tatiana Prozorova,total_games,over,16.5,0.7486,1.34,1.71,0.5416,20.7,0.2802,1,78,1902839
2026-10-05 03:30,wta,WTA Challenger,"Suzhou, China",Hard,3,Ruien Zhang,Tatiana Prozorova,total_games,under,16.5,0.2514,3.98,2.02,0.4584,-20.7,-0.4922,1,78,1902839
2026-10-05 03:30,wta,WTA Challenger,"Suzhou, China",Hard,3,Ruien Zhang,Tatiana Prozorova,p1_games,over,4.5,0.7777,1.29,1.69,0.5481,23.0,0.3144,1,78,1902839
2026-10-05 03:30,wta,WTA Challenger,"Suzhou, China",Hard,3,Ruien Zhang,Tatiana Prozorova,p1_games,under,4.5,0.2223,4.5,2.05,0.4519,-23.0,-0.5444,1,78,1902839
2026-10-05 03:30,wta,WTA Challenger,"Suzhou, China",Hard,3,Ruien Zhang,Tatiana Prozorova,p2_games,over,12.5,0.3928,2.55,3.2,0.2889,10.4,0.2571,1,78,1902839
2026-10-05 03:30,wta,WTA Challenger,"Suzhou, China",Hard,3,Ruien Zhang,Tatiana Prozorova,p2_games,under,12.5,0.6072,1.65,1.3,0.7111,-10.4,-0.2107,1,78,1902839
2026-10-05 03:30,wta,WTA Challenger,"Suzhou, China",Hard,3,Ruien Zhang,Tatiana Prozorova,game_handicap,player_a,4.5,0.4542,2.2,,,,,1,78,1902839
2026-10-05 03:30,wta,WTA Challenger,"Suzhou, China",Hard,3,Ruien Zhang,Tatiana Prozorova,game_handicap,player_b,-4.5,0.5458,1.83,,,,,1,78,1902839
2026-10-05 05:00,wta,WTA Challenger,"Suzhou, China",Hard,3,Elsa Jacquemot,Claire Liu,winner,player_a,,0.422,2.37,2.28,0.4093,1.3,-0.0379,0,100,1902840
2026-10-05 05:00,wta,WTA Challenger,"Suzhou, China",Hard,3,Elsa Jacquemot,Claire Liu,winner,player_b,,0.578,1.73,1.58,0.5907,-1.3,-0.0867,0,100,1902840
2026-10-05 05:00,wta,WTA Challenger,"Suzhou, China",Hard,3,Elsa Jacquemot,Claire Liu,total_games,over,21.5,0.4532,2.21,1.81,0.5108,-5.8,-0.1796,0,100,1902840
2026-10-05 05:00,wta,WTA Challenger,"Suzhou, China",Hard,3,Elsa Jacquemot,Claire Liu,total_games,under,21.5,0.5468,1.83,1.89,0.4892,5.8,0.0334,0,100,1902840
2026-10-05 05:00,wta,WTA Challenger,"Suzhou, China",Hard,3,Elsa Jacquemot,Claire Liu,p1_games,over,11.5,0.5606,1.78,1.72,0.5389,2.2,-0.0357,0,100,1902840
2026-10-05 05:00,wta,WTA Challenger,"Suzhou, China",Hard,3,Elsa Jacquemot,Claire Liu,p1_games,under,11.5,0.4394,2.28,2.01,0.4611,-2.2,-0.1168,0,100,1902840
2026-10-05 05:00,wta,WTA Challenger,"Suzhou, China",Hard,3,Elsa Jacquemot,Claire Liu,p2_games,over,12.5,0.4036,2.48,2.1,0.44,-3.6,-0.1524,0,100,1902840
2026-10-05 05:00,wta,WTA Challenger,"Suzhou, China",Hard,3,Elsa Jacquemot,Claire Liu,p2_games,under,12.5,0.5964,1.68,1.65,0.56,3.6,-0.016,0,100,1902840
2026-10-05 05:00,wta,WTA Challenger,"Suzhou, China",Hard,3,Elsa Jacquemot,Claire Liu,game_handicap,player_a,2.5,0.4986,2.01,,,,,0,100,1902840
2026-10-05 05:00,wta,WTA Challenger,"Suzhou, China",Hard,3,Elsa Jacquemot,Claire Liu,game_handicap,player_b,-2.5,0.5014,1.99,,,,,0,100,1902840
2026-10-05 05:00,wta,WTA Challenger,"Suzhou, China",Hard,3,Elvina Kalieva,Yexin Ma,winner,player_a,,0.3518,2.84,1.67,0.5582,-20.6,-0.4125,0,88,1902844
2026-10-05 05:00,wta,WTA Challenger,"Suzhou, China",Hard,3,Elvina Kalieva,Yexin Ma,winner,player_b,,0.6482,1.54,2.11,0.4418,20.6,0.3677,0,88,1902844
2026-10-05 05:00,wta,WTA Challenger,"Suzhou, China",Hard,3,Elvina Kalieva,Yexin Ma,total_games,over,20.5,0.4878,2.05,1.78,0.5202,-3.2,-0.1317,1,88,1902844
2026-10-05 05:00,wta,WTA Challenger,"Suzhou, China",Hard,3,Elvina Kalieva,Yexin Ma,total_games,under,20.5,0.5122,1.95,1.93,0.4798,3.2,-0.0115,1,88,1902844
2026-10-05 05:00,wta,WTA Challenger,"Suzhou, China",Hard,3,Elvina Kalieva,Yexin Ma,p1_games,over,12.5,0.3261,3.07,2.34,0.3953,-6.9,-0.2369,1,88,1902844
2026-10-05 05:00,wta,WTA Challenger,"Suzhou, China",Hard,3,Elvina Kalieva,Yexin Ma,p1_games,under,12.5,0.6739,1.48,1.53,0.6047,6.9,0.0311,1,88,1902844
2026-10-05 05:00,wta,WTA Challenger,"Suzhou, China",Hard,3,Elvina Kalieva,Yexin Ma,p2_games,over,11.5,0.7586,1.32,1.67,0.5535,20.5,0.2669,1,88,1902844
2026-10-05 05:00,wta,WTA Challenger,"Suzhou, China",Hard,3,Elvina Kalieva,Yexin Ma,p2_games,under,11.5,0.2414,4.14,2.07,0.4465,-20.5,-0.5003,1,88,1902844
2026-10-05 05:00,wta,WTA Challenger,"Suzhou, China",Hard,3,Elvina Kalieva,Yexin Ma,game_handicap,player_a,3.5,0.4845,2.06,,,,,1,88,1902844
2026-10-05 05:00,wta,WTA Challenger,"Suzhou, China",Hard,3,Elvina Kalieva,Yexin Ma,game_handicap,player_b,-3.5,0.5155,1.94,,,,,1,88,1902844
2026-10-05 05:00,wta,WTA Challenger,"Suzhou, China",Hard,3,Sofia Costoulas,Darya Astakhova,winner,player_a,,0.3803,2.63,1.74,0.5372,-15.7,-0.3384,0,78,1902841
2026-10-05 05:00,wta,WTA Challenger,"Suzhou, China",Hard,3,Sofia Costoulas,Darya Astakhova,winner,player_b,,0.6197,1.61,2.02,0.4628,15.7,0.2519,0,78,1902841
2026-10-05 05:00,wta,WTA Challenger,"Suzhou, China",Hard,3,Sofia Costoulas,Darya Astakhova,total_games,over,21.5,0.4459,2.24,1.8,0.5148,-6.9,-0.1974,1,78,1902841
2026-10-05 05:00,wta,WTA Challenger,"Suzhou, China",Hard,3,Sofia Costoulas,Darya Astakhova,total_games,under,21.5,0.5541,1.8,1.91,0.4852,6.9,0.0584,1,78,1902841
2026-10-05 05:00,wta,WTA Challenger,"Suzhou, China",Hard,3,Sofia Costoulas,Darya Astakhova,p1_games,over,12.5,0.3387,2.95,2.31,0.4,-6.1,-0.2176,1,78,1902841
2026-10-05 05:00,wta,WTA Challenger,"Suzhou, China",Hard,3,Sofia Costoulas,Darya Astakhova,p1_games,under,12.5,0.6613,1.51,1.54,0.6,6.1,0.0184,1,78,1902841
2026-10-05 05:00,wta,WTA Challenger,"Suzhou, China",Hard,3,Sofia Costoulas,Darya Astakhova,p2_games,over,11.5,0.7353,1.36,1.6,0.5778,15.7,0.1764,1,78,1902841
2026-10-05 05:00,wta,WTA Challenger,"Suzhou, China",Hard,3,Sofia Costoulas,Darya Astakhova,p2_games,under,11.5,0.2647,3.78,2.19,0.4222,-15.7,-0.4202,1,78,1902841
2026-10-05 05:00,wta,WTA Challenger,"Suzhou, China",Hard,3,Sofia Costoulas,Darya Astakhova,game_handicap,player_a,2.5,0.4562,2.19,,,,,1,78,1902841
2026-10-05 05:00,wta,WTA Challenger,"Suzhou, China",Hard,3,Sofia Costoulas,Darya Astakhova,game_handicap,player_b,-2.5,0.5438,1.84,,,,,1,78,1902841
2026-10-05 06:30,wta,WTA Challenger,"Suzhou, China",Hard,3,Xinxin Yao,Aliaksandra Sasnovich,winner,player_a,,0.2923,3.42,6.0,0.1561,13.6,0.754,0,81,1902853
2026-10-05 06:30,wta,WTA Challenger,"Suzhou, China",Hard,3,Xinxin Yao,Aliaksandra Sasnovich,winner,player_b,,0.7077,1.41,1.11,0.8439,-13.6,-0.2145,0,81,1902853
2026-10-05 06:30,wta,WTA Challenger,"Suzhou, China",Hard,3,Xinxin Yao,Aliaksandra Sasnovich,total_games,over,18.5,0.5831,1.71,1.84,0.5027,8.0,0.0729,1,81,1902853
2026-10-05 06:30,wta,WTA Challenger,"Suzhou, China",Hard,3,Xinxin Yao,Aliaksandra Sasnovich,total_games,under,18.5,0.4169,2.4,1.86,0.4973,-8.0,-0.2246,1,81,1902853
2026-10-05 06:30,wta,WTA Challenger,"Suzhou, China",Hard,3,Xinxin Yao,Aliaksandra Sasnovich,p1_games,over,6.5,0.6496,1.54,1.96,0.4731,17.6,0.2732,1,81,1902853
2026-10-05 06:30,wta,WTA Challenger,"Suzhou, China",Hard,3,Xinxin Yao,Aliaksandra Sasnovich,p1_games,under,6.5,0.3504,2.85,1.76,0.5269,-17.6,-0.3833,1,81,1902853
2026-10-05 06:30,wta,WTA Challenger,"Suzhou, China",Hard,3,Xinxin Yao,Aliaksandra Sasnovich,p2_games,over,12.5,0.3958,2.53,2.6,0.3564,3.9,0.029,1,81,1902853
2026-10-05 06:30,wta,WTA Challenger,"Suzhou, China",Hard,3,Xinxin Yao,Aliaksandra Sasnovich,p2_games,under,12.5,0.6042,1.65,1.44,0.6436,-3.9,-0.1299,1,81,1902853
2026-10-05 06:30,wta,WTA Challenger,"Suzhou, China",Hard,3,Xinxin Yao,Aliaksandra Sasnovich,game_handicap,player_a,4.5,0.4919,2.03,,,,,1,81,1902853
2026-10-05 06:30,wta,WTA Challenger,"Suzhou, China",Hard,3,Xinxin Yao,Aliaksandra Sasnovich,game_handicap,player_b,-4.5,0.5081,1.97,,,,,1,81,1902853
