kickoff,country,competition,div,home,away,xg_home_model,xg_away_model,xg_home_market,xg_away_market,xg_market_source,data_quality,data_quality_score,sample_home,sample_away,p_over15,p_over25,p_over35,p_btts,p_model_over15,p_model_over25,p_model_btts,odds_over25_avg,odds_under25_avg,odds_over25_b365,odds_under25_b365,p_market_over25,odds_home,odds_draw,odds_away,home_matches,home_gf,home_ga,home_att,home_def,home_o15_rate,home_o25_rate,home_btts_rate,home_cs_rate,home_fts_rate,home_last10_o25,home_xg_for,home_xg_against,away_matches,away_gf,away_ga,away_att,away_def,away_o15_rate,away_o25_rate,away_btts_rate,away_cs_rate,away_fts_rate,away_last10_o25,away_xg_for,away_xg_against,league_avg_home_goals,league_avg_away_goals,league_o25_rate,h2h_matches,h2h_avg_goals,data_ok,p_home,p_draw,p_away,p_home_scores,p_away_scores,exp_corners_home,exp_corners_away,p_corners_over95,exp_cards_home,exp_cards_away,p_cards_over45,sportybet_home,sportybet_draw,sportybet_away,sportybet_over25,sportybet_btts
2026-09-30 00:30,Brazil,Serie B,LS:brazil/serie-b,Botafogo SP,Ponte Preta,2.154,0.659,2.313,0.581,Sportybet 1X2 + O/U 2.5,High,0.95,40,35,0.775,0.534,0.311,0.431,0.775,0.534,0.431,,,,,,,,,40,1.054,1.327,0.897,1.165,0.632,0.449,0.557,0.179,0.334,5/10,,,35,0.554,2.172,0.545,1.704,0.84,0.404,0.363,0.127,0.537,2/10,,,1.409,1.037,0.443,1,0.0,True,0.715,0.189,0.096,0.884,0.483,6.494,4.339,0.628,2.043,2.631,0.492,1.23,6.1,12.0,1.7,2.4
2026-09-30 01:00,CONCACAF Nations League,League C: Group 2,LS:concacaf-nations-league/league-c-group-2,Anguilla,Aruba,1.253,1.644,,,,Medium,0.53,7,6,0.791,0.553,0.33,0.582,0.791,0.553,0.582,,,,,,,,,7,0.529,2.765,0.777,1.259,0.692,0.692,0.21,0.0,0.79,6/7,,,6,1.682,1.106,1.043,0.943,0.547,0.547,0.275,0.517,0.271,4/6,,,1.709,1.252,0.504,0,,False,0.286,0.254,0.46,0.714,0.807,,,,,,,,,,,
2026-09-30 01:00,Colombia,Primera B: Clausura,LS:colombia/primera-b-clausura,Union Magdalena,Real Cartagena,0.936,1.508,1.331,1.135,Sportybet 1X2 + O/U 2.5,High,0.82,22,21,0.707,0.442,0.23,0.479,0.707,0.442,0.479,,,,,,,,,22,0.737,1.259,0.788,1.135,0.653,0.353,0.437,0.174,0.461,3/10,,,21,1.56,1.151,1.154,0.899,0.779,0.468,0.527,0.314,0.281,4/10,,,1.322,1.151,0.399,0,,True,0.228,0.272,0.499,0.608,0.779,,,,,,,2.3,3.2,3.0,2.1,1.8
2026-09-30 02:00,International Friendlies,Friendlies,LS:international-friendlies/friendlies,USA,Chile,1.945,1.063,2.155,0.896,Sportybet 1X2 + O/U 2.5,Medium,0.66,6,6,0.807,0.579,0.355,0.566,0.807,0.579,0.566,,,,,,,,,6,3.365,1.241,1.112,0.932,1.0,0.937,1.0,0.0,0.0,5/6,,,6,1.342,1.555,0.982,1.013,0.604,0.604,0.604,0.0,0.396,5/6,,,1.726,1.161,0.529,0,,False,0.574,0.228,0.198,0.857,0.655,,,,,,,1.43,4.8,6.6,1.61,1.79
2026-09-30 03:00,International Friendlies,Friendlies,LS:international-friendlies/friendlies,Mexico,Peru,1.93,0.985,1.76,0.595,Sportybet 1X2 + O/U 2.5,Medium,0.68,11,7,0.793,0.558,0.334,0.541,0.793,0.558,0.541,,,,,,,,,11,1.286,0.634,1.029,0.902,0.69,0.159,0.446,0.518,0.079,2/10,,,7,1.268,2.395,0.941,1.087,1.0,0.799,0.799,0.073,0.128,5/7,,,1.726,1.161,0.529,0,,False,0.589,0.228,0.183,0.855,0.627,5.267,3.697,0.408,1.603,2.077,0.312,1.44,4.2,7.9,2.25,2.55
2026-09-30 03:05,Colombia,Primera A: Clausura,LS:colombia/primera-a-clausura,Independiente Medellin,Millonarios,1.403,1.218,1.442,1.158,Sportybet 1X2 + O/U 2.5,High,0.95,30,28,0.743,0.487,0.269,0.537,0.743,0.487,0.537,,,,,,,,,30,1.91,1.258,1.193,0.88,0.819,0.723,0.628,0.205,0.191,7/10,,,28,1.31,0.823,1.138,0.794,0.754,0.296,0.528,0.388,0.185,3/10,,,1.482,1.217,0.501,1,1.0,True,0.406,0.274,0.32,0.754,0.704,4.828,4.097,0.403,2.779,2.767,0.63,2.2,3.3,3.2,1.96,1.73
2026-09-30 04:00,CONCACAF Nations League,League B: Group 4,LS:concacaf-nations-league/league-b-group-4,Belize,Saint Vincent and The Grenadines,1.606,1.317,1.272,1.392,Sportybet 1X2 + O/U 2.5,Medium,0.53,5,6,0.795,0.559,0.336,0.591,0.795,0.559,0.591,,,,,,,,,5,1.576,1.197,1.05,0.955,0.426,0.426,0.426,0.574,0.0,3/5,,,6,1.868,1.5,1.05,0.965,0.939,0.865,0.865,0.061,0.074,4/6,,,1.585,1.313,0.499,0,,False,0.437,0.255,0.308,0.799,0.732,,,,,,,2.8,3.4,2.4,1.9,1.69
2026-09-30 06:00,International Friendlies,Friendlies,LS:international-friendlies/friendlies,Papua New Guinea,Solomon Islands,1.636,1.345,,,,Low,0.59,4,6,0.804,0.573,0.349,0.601,0.804,0.573,0.601,,,,,,,,,4,1.037,1.586,0.877,1.117,1.0,0.624,0.624,0.054,0.323,2/4,,,6,2.47,2.922,1.038,1.081,1.0,0.743,0.743,0.257,0.0,5/6,,,1.726,1.161,0.529,1,5.0,False,0.438,0.252,0.31,0.805,0.74,,,,,,,2.9,3.3,2.45,,
2026-09-30 08:00,International,Asian Games: U23 Final Stage,LS:intl/asian-games-u23-final-stage,South Korea U23,China U23,1.696,1.092,,,,Low,0.57,1,1,0.773,0.528,0.305,0.548,0.773,0.528,0.548,,,,,,,,,1,4.0,0.0,1.332,0.713,1.0,1.0,0.0,1.0,0.0,1/1,,,1,3.0,0.0,1.298,0.726,1.0,1.0,0.0,1.0,0.0,1/1,,,1.754,1.18,0.749,0,,False,0.509,0.252,0.239,0.817,0.664,,,,,,,,,,,
2026-09-30 09:00,International Friendlies,Friendlies,LS:international-friendlies/friendlies,Fiji,New Caledonia,1.843,1.126,,,,Low,0.62,7,4,0.801,0.57,0.346,0.574,0.801,0.57,0.574,,,,,,,,,7,1.517,1.549,0.97,1.042,0.772,0.497,0.472,0.236,0.292,4/7,,,4,1.048,2.246,0.93,1.1,1.0,0.644,0.644,0.042,0.314,2/4,,,1.726,1.161,0.529,0,,False,0.536,0.238,0.225,0.842,0.676,,,,,,,1.74,4.2,4.1,,
2026-09-30 12:30,International,Asian Games: U23 Final Stage,LS:intl/asian-games-u23-final-stage,Uzbekistan U23,Japan U23,1.784,1.005,,,,Low,0.59,1,1,0.772,0.528,0.305,0.533,0.772,0.528,0.533,,,,,,,,,1,3.0,0.0,1.296,0.728,1.0,1.0,0.0,1.0,0.0,1/1,,,1,1.0,0.0,1.17,0.785,0.0,0.0,0.0,1.0,0.0,0/1,,,1.754,1.18,0.749,0,,False,0.551,0.243,0.206,0.832,0.634,,,,,,,,,,,
2026-09-30 14:00,International Friendlies,Friendlies,LS:international-friendlies/friendlies,Mauritius,Djibouti,1.726,1.161,,,,Low,0.17,0,0,0.789,0.551,0.328,0.57,0.789,0.551,0.57,,,,,,,,,0,,,1.0,1.0,,,,,,0/0,,,0,,,1.0,1.0,,,,,,0/0,,,1.726,1.161,0.529,0,,False,0.5,0.249,0.251,0.822,0.687,,,,,,,,,,,
2026-09-30 14:00,International Friendlies,Women's Friendlies,LS:international-friendlies/friendlies-women,Botswana W,Namibia Women,1.6,1.42,,,,Low,0.6,1,1,0.809,0.581,0.357,0.611,0.809,0.581,0.611,,,,,,,,,1,1.0,1.0,0.975,1.004,1.0,0.0,1.0,0.0,0.0,0/1,,,1,1.0,1.0,1.004,0.975,1.0,0.0,1.0,0.0,0.0,0/1,,,1.682,1.408,0.508,1,2.0,False,0.413,0.252,0.335,0.798,0.758,,,,,,,,,,,
2026-09-30 15:00,International Friendlies,Friendlies,LS:international-friendlies/friendlies,Seychelles,Sri Lanka,0.991,1.927,,,,Low,0.6,1,4,0.793,0.558,0.334,0.542,0.793,0.558,0.542,,,,,,,,,1,0.0,3.0,0.705,1.351,1.0,1.0,0.0,0.0,1.0,1/1,,,4,2.991,0.55,1.228,0.815,1.0,0.937,0.365,0.573,0.062,3/4,,,1.726,1.161,0.529,1,3.0,False,0.184,0.229,0.587,0.629,0.854,,,,,,,3.33,3.5,2.1,,
2026-09-30 15:00,Italy,Serie D: Group A,LS:italy/serie-d-group-a,Alessandria,ASD Imperia,1.456,1.044,1.448,1.107,Sportybet 1X2 + O/U 2.5,Low,0.65,4,38,0.719,0.456,0.242,0.503,0.719,0.456,0.503,,,,,,,,,4,1.75,1.485,1.077,0.958,1.0,0.733,0.733,0.267,0.0,3/4,,,38,1.108,1.061,0.955,0.968,0.679,0.371,0.469,0.373,0.229,4/10,,,1.398,1.142,0.41,0,,False,0.46,0.276,0.265,0.767,0.648,,,,,,,2.1,3.1,3.33,1.95,
2026-09-30 15:30,Czech Republic,Cup,LS:czech-republic/cup,FC Vsetin,Bohemians 1905,1.492,1.544,0.544,3.005,Sportybet 1X2 + O/U 2.5,Low,0.34,0,2,0.812,0.585,0.361,0.615,0.812,0.585,0.615,,,,,,,,,0,,,1.0,1.0,,,,,,0/0,,,2,3.081,1.0,1.025,0.977,1.0,1.0,1.0,0.0,0.0,2/2,,,1.527,1.507,0.678,0,,False,0.362,0.252,0.385,0.775,0.787,,,,,,,21.0,10.0,1.07,1.36,2.5
2026-09-30 16:00,International Friendlies,Friendlies,LS:international-friendlies/friendlies,Botswana,Mozambique,1.715,1.212,,,,Low,0.56,4,6,0.795,0.56,0.336,0.582,0.795,0.56,0.582,,,,,,,,,4,1.61,1.866,1.004,1.023,0.869,0.869,0.739,0.131,0.129,3/4,,,6,1.743,1.513,1.02,0.989,0.796,0.503,0.796,0.0,0.204,3/6,,,1.726,1.161,0.529,1,2.0,False,0.486,0.249,0.265,0.82,0.702,,,,,,,,,,,
2026-09-30 16:00,Norway,NM Cup: Round 2,LS:norway/cup-round-2-2024,Follo,Sarpsborg 08,1.266,1.488,,,,High,0.82,21,33,0.767,0.519,0.298,0.562,0.767,0.519,0.562,,,,,,,,,21,1.177,2.179,0.776,1.228,0.776,0.664,0.664,0.15,0.238,7/10,,,33,1.202,1.459,0.908,1.004,0.72,0.567,0.632,0.251,0.224,5/10,,,1.624,1.334,,0,,True,0.317,0.265,0.418,0.718,0.774,,,,,,,17.5,7.8,1.12,,
2026-09-30 16:00,Norway,Women's 1. Division,LS:norway/1-division-women,Arna-Bjoernar W,Frigg W,3.546,0.762,,,,High,0.85,30,21,0.93,0.803,0.624,0.52,0.93,0.803,0.52,,,,,,,,,30,3.008,1.104,1.489,0.662,0.882,0.781,0.479,0.481,0.064,8/10,,,21,1.26,2.35,0.738,1.314,0.767,0.64,0.395,0.067,0.538,6/10,,,1.812,1.558,0.662,1,3.0,True,0.872,0.087,0.041,0.971,0.533,,,,,,,,,,,
2026-09-30 16:00,Norway,Women's 1. Division,LS:norway/1-division-women,Bryne W,Kolbotn W,1.938,1.566,,,,High,0.83,21,28,0.869,0.68,0.464,0.682,0.869,0.68,0.682,,,,,,,,,21,1.89,1.822,0.963,1.07,0.76,0.628,0.443,0.211,0.378,7/10,,,28,1.636,2.148,0.939,1.111,0.956,0.846,0.733,0.053,0.215,10/10,,,1.812,1.558,0.662,2,1.5,True,0.462,0.228,0.31,0.856,0.791,,,,,,,,,,,
2026-09-30 17:00,Ghana,Premier League,LS:ghana/premier-league,Medeama SC,Port City,1.676,0.851,1.617,0.736,Sportybet 1X2 + O/U 2.5,Low,0.57,36,3,0.724,0.463,0.248,0.472,0.724,0.463,0.472,,,,,,,,,36,1.818,1.059,1.26,0.843,0.799,0.535,0.656,0.333,0.11,6/10,,,3,1.689,0.649,1.146,0.875,1.0,0.337,0.649,0.351,0.0,1/3,,,1.52,0.88,0.407,0,,False,0.564,0.253,0.183,0.813,0.573,,,,,,,1.57,3.5,5.6,2.2,2.15
2026-09-30 17:00,Nigeria,NPFL,LS:nigeria/npfl,Enyimba,Shooting Stars,1.589,0.749,1.657,0.632,Sportybet 1X2 + O/U 2.5,High,0.92,40,40,0.684,0.414,0.208,0.425,0.684,0.414,0.425,,,,,,,,,40,1.11,1.346,0.944,1.084,0.804,0.504,0.476,0.283,0.371,7/10,,,40,1.123,1.161,0.903,1.029,0.596,0.38,0.385,0.274,0.387,4/10,,,1.637,0.766,0.417,2,3.0,True,0.568,0.262,0.17,0.796,0.527,,,,,,,1.46,3.75,6.6,2.3,2.35
2026-09-30 17:00,Nigeria,NPFL,LS:nigeria/npfl,Katsina United,Rivers United FC,1.087,0.952,,,,High,0.89,40,40,0.611,0.334,0.15,0.414,0.611,0.334,0.414,,,,,,,,,40,0.944,1.224,0.903,1.017,0.648,0.338,0.343,0.304,0.433,6/10,,,40,1.589,0.704,1.222,0.736,0.662,0.366,0.345,0.559,0.217,5/10,,,1.637,0.766,0.417,2,2.5,True,0.376,0.317,0.306,0.663,0.614,,,,,,,,,,,
2026-09-30 17:00,Nigeria,NPFL,LS:nigeria/npfl,Sporting Lagos,Ikorodu City,1.472,0.936,1.343,0.998,Sportybet 1X2 + O/U 2.5,Low,0.65,4,40,0.7,0.433,0.223,0.475,0.7,0.433,0.475,,,,,,,,,4,1.038,1.737,0.942,1.115,1.0,0.258,0.521,0.0,0.479,1/4,,,40,1.39,1.196,1.096,0.955,0.707,0.52,0.518,0.399,0.195,8/10,,,1.637,0.766,0.417,0,,False,0.49,0.276,0.234,0.771,0.608,,,,,,,2.05,3.25,3.3,2.2,1.95
2026-09-30 17:00,Nigeria,NPFL,LS:nigeria/npfl,Warri Wolves FC,Enugu Rangers,1.229,0.853,,,,High,0.91,40,40,0.622,0.346,0.158,0.413,0.622,0.346,0.413,,,,,,,,,40,0.837,1.059,0.936,0.894,0.508,0.336,0.312,0.477,0.395,4/10,,,40,1.458,0.874,1.246,0.802,0.707,0.406,0.484,0.405,0.271,5/10,,,1.637,0.766,0.417,2,4.0,True,0.443,0.307,0.25,0.708,0.574,,,,,,,,,,,
2026-09-30 18:00,Africa Cup of Nations Qualification,Qualification: Group D,LS:africa-cup-of-nations-qualification/qualification-group-d,Eritrea,South Africa,1.509,1.32,0.764,2.483,Sportybet 1X2 + O/U 2.5,Low,0.52,1,6,0.78,0.538,0.315,0.577,0.78,0.538,0.577,,,,,,,,,1,1.0,1.0,1.008,0.974,1.0,0.0,1.0,0.0,0.0,0/1,,,6,1.285,0.769,1.032,0.926,0.646,0.525,0.646,0.354,0.173,3/6,,,1.616,1.313,0.5,0,,False,0.412,0.262,0.326,0.779,0.733,,,,,,,9.9,6.3,1.27,1.5,1.94
2026-09-30 18:00,Euro U21 2027,Qualification: Group A,LS:euro-u21-2027/qualification-group-a,Romania U21,Finland U21,1.53,1.384,,,,Medium,0.63,8,8,0.793,0.557,0.334,0.593,0.793,0.557,0.593,,,,,,,,,8,2.057,0.275,1.322,0.701,0.808,0.568,0.0,0.863,0.183,2/8,,,8,3.192,0.533,1.323,0.744,0.93,0.863,0.476,0.524,0.07,6/8,,,1.555,1.494,0.783,1,2.0,False,0.403,0.258,0.339,0.783,0.75,,,,,,,,,,,
2026-09-30 18:00,Euro U21 2027,Qualification: Group B,LS:euro-u21-2027/qualification-group-b,Czechia U21,Bulgaria U21,1.781,1.083,,,,Medium,0.63,8,8,0.785,0.546,0.322,0.555,0.785,0.546,0.555,,,,,,,,,8,1.705,0.586,1.183,0.804,0.782,0.312,0.528,0.472,0.218,4/8,,,8,1.295,0.767,1.041,0.919,0.63,0.583,0.528,0.345,0.278,4/8,,,1.638,1.293,0.512,1,3.0,False,0.532,0.244,0.224,0.832,0.661,,,,,,,,,,,
2026-09-30 18:00,Euro U21 2027,Qualification: Group C,LS:euro-u21-2027/qualification-group-c,Faroe Islands U21,Luxembourg U21,2.274,0.994,,,,Medium,0.58,8,8,0.842,0.634,0.413,0.57,0.842,0.634,0.57,,,,,,,,,8,1.139,1.53,0.966,1.026,0.711,0.711,0.575,0.051,0.374,5/8,,,8,0.481,3.114,0.716,1.35,0.753,0.753,0.365,0.204,0.635,6/8,,,1.744,1.355,0.637,1,1.0,False,0.657,0.196,0.147,0.897,0.63,,,,,,,,,,,
2026-09-30 18:00,Euro U21 2027,Qualification: Group E,LS:euro-u21-2027/qualification-group-e,Poland U21,Sweden U21,2.207,1.001,,,,Low,0.5,8,8,0.834,0.622,0.399,0.567,0.834,0.622,0.567,,,,,,,,,8,2.688,0.336,1.234,0.788,0.656,0.569,0.336,0.664,0.0,5/8,,,8,1.206,2.534,0.921,1.1,0.891,0.818,0.336,0.18,0.484,6/8,,,1.627,1.379,0.693,1,6.0,False,0.643,0.202,0.155,0.89,0.632,,,,,,,,,,,
2026-09-30 18:00,Euro U21 2027,Qualification: Group F,LS:euro-u21-2027/qualification-group-f,Malta U21,Germany U21,0.535,3.763,,,,Medium,0.61,8,8,0.929,0.802,0.622,0.406,0.929,0.802,0.406,,,,,,,,,8,0.148,4.066,0.56,1.651,0.931,0.877,0.148,0.0,0.852,6/8,,,8,3.381,0.22,1.511,0.62,1.0,0.784,0.111,0.889,0.0,6/8,,,1.542,1.509,0.764,1,6.0,False,0.02,0.061,0.918,0.414,0.977,,,,,,,,,,,
2026-09-30 18:00,International Friendlies,Friendlies,LS:international-friendlies/friendlies,Lithuania,Andorra,2.178,0.724,1.459,0.681,Sportybet 1X2 + O/U 2.5,Medium,0.64,6,9,0.79,0.554,0.331,0.461,0.79,0.554,0.461,,,,,,,,,6,1.086,0.662,1.046,0.891,0.795,0.0,0.297,0.442,0.309,0/6,,,9,0.448,1.198,0.699,1.206,0.563,0.372,0.219,0.44,0.666,3/9,,,1.726,1.161,0.529,0,,False,0.703,0.191,0.106,0.887,0.515,,,,,,,1.7,3.5,5.5,2.6,2.45
2026-09-30 18:00,Norway,NM Cup: Round 2,LS:norway/cup-round-2-2024,Flint,Sandefjord,1.562,1.255,,,,Low,0.38,0,33,0.778,0.535,0.312,0.571,0.778,0.535,0.571,,,,,,,,,0,,,1.0,1.0,,,,,,0/0,,,33,1.164,1.293,0.941,0.962,0.697,0.521,0.502,0.289,0.308,6/10,,,1.624,1.334,,0,,False,0.439,0.26,0.301,0.79,0.715,,,,,,,,,,,
2026-09-30 18:00,Norway,NM Cup: Round 2,LS:norway/cup-round-2-2024,Hoenefoss,KFUM Oslo,2.267,0.946,,,,High,0.81,21,32,0.835,0.623,0.4,0.553,0.835,0.623,0.553,,,,,,,,,21,2.549,1.371,1.286,0.807,0.896,0.788,0.832,0.137,0.031,8/10,,,32,1.212,1.68,0.879,1.085,0.881,0.566,0.632,0.177,0.226,6/10,,,1.624,1.334,,0,,True,0.667,0.194,0.139,0.896,0.612,,,,,,,,,,,
2026-09-30 18:45,UEFA Women's Champions League,Final Stage,LS:uefa-women-s-champions-league/final-stage,BK Haecken W,Juventus W,2.683,0.835,,,,High,0.85,32,32,0.869,0.683,0.467,0.531,0.869,0.683,0.531,,,,,,,,,32,3.008,0.547,1.822,0.507,0.835,0.675,0.352,0.585,0.063,7/10,,,32,1.747,1.199,1.148,0.877,0.772,0.676,0.621,0.233,0.225,7/10,,,1.679,1.434,0.595,0,,True,0.761,0.151,0.088,0.932,0.566,,,,,,,,,,,
2026-09-30 18:45,UEFA Women's Champions League,Final Stage,LS:uefa-women-s-champions-league/final-stage,Paris FC W,Arsenal W,0.98,2.134,,,,Medium,0.59,9,39,0.822,0.602,0.378,0.555,0.822,0.602,0.555,,,,,,,,,9,1.374,3.048,0.903,1.142,0.925,0.606,0.615,0.141,0.244,4/9,,,39,1.755,0.64,1.304,0.646,0.573,0.395,0.395,0.503,0.209,3/10,,,1.679,1.434,0.595,0,,False,0.159,0.208,0.633,0.625,0.882,,,,,,,,,,,
2026-09-30 18:45,UEFA Women's Champions League,Final Stage,LS:uefa-women-s-champions-league/final-stage,Roma W,Barcelona W,0.941,2.442,,,,High,0.86,30,40,0.855,0.657,0.438,0.561,0.855,0.657,0.561,,,,,,,,,30,1.841,0.976,1.228,0.799,0.692,0.49,0.447,0.497,0.168,4/10,,,40,4.065,0.568,2.132,0.456,0.99,0.797,0.381,0.609,0.01,9/10,,,1.679,1.434,0.595,1,4.0,True,0.122,0.178,0.7,0.61,0.913,,,,,,,,,,,
2026-09-30 19:00,Euro U21 2027,Qualification: Group A,LS:euro-u21-2027/qualification-group-a,Kosovo U21,Cyprus U21,2.581,0.841,,,,Medium,0.61,8,8,0.859,0.665,0.446,0.529,0.859,0.665,0.529,,,,,,,,,8,1.968,0.586,1.187,0.813,0.738,0.588,0.046,0.657,0.412,4/8,,,8,0.347,3.481,0.693,1.4,1.0,0.943,0.0,0.069,0.931,7/8,,,1.555,1.494,0.783,1,4.0,False,0.745,0.16,0.096,0.924,0.569,,,,,,,,,,,
2026-09-30 19:00,Sweden,2.Division Norrland: Relegation Group,LS:sweden/2-division-norrland-relegation-group,Umeaa FC Akademi,IFK Umeaa,2.906,1.101,,,,Medium,0.62,15,8,0.912,0.763,0.568,0.634,0.912,0.763,0.634,,,,,,,,,15,2.55,1.982,1.121,0.975,1.0,0.803,0.886,0.0,0.114,8/10,,,8,0.987,3.101,0.692,1.43,1.0,0.862,0.751,0.0,0.249,7/8,,,1.813,1.633,0.841,1,6.0,True,0.74,0.149,0.111,0.945,0.668,,,,,,,,,,,
2026-09-30 19:15,Denmark,Danmarksserien: Group 4,LS:denmark/danmarksserien-group-4,Hobro II,IF Lyseng,2.118,0.994,,,,High,0.79,22,25,0.822,0.601,0.378,0.559,0.822,0.601,0.559,,,,,,,,,22,1.346,1.531,0.965,1.007,0.761,0.48,0.461,0.159,0.381,4/10,,,25,0.622,2.084,0.663,1.348,0.634,0.447,0.421,0.045,0.534,4/10,,,1.629,1.49,0.603,0,,True,0.627,0.21,0.163,0.88,0.63,,,,,,,,,,,
2026-09-30 19:30,Germany,Regionalliga West,LS:germany/regionalliga-west,SC Wiedenbrueck,Sportfreunde Siegen,1.303,1.886,,,,High,0.91,38,38,0.832,0.618,0.395,0.623,0.832,0.618,0.623,,,,,,,,,38,1.233,1.955,0.847,1.154,0.848,0.66,0.672,0.194,0.161,7/10,,,38,1.69,1.399,1.052,0.935,0.837,0.658,0.708,0.188,0.215,7/10,,,1.645,1.553,0.648,2,4.5,True,0.259,0.235,0.506,0.728,0.848,,,,,,,,,,,
2026-09-30 19:30,International,Gulf Cup: Group B,LS:intl/gulf-cup-group-b,Bahrain,Yemen,1.364,1.19,1.659,0.835,Sportybet 1X2 + O/U 2.5,Low,0.59,7,2,0.73,0.47,0.254,0.524,0.73,0.47,0.524,,,,,,,,,7,0.124,2.253,0.549,1.594,0.921,0.422,0.089,0.0,0.911,3/7,,,2,0.0,2.487,0.576,1.545,0.496,0.496,0.0,0.0,1.0,1/2,,,1.608,1.296,0.5,1,3.0,False,0.402,0.278,0.32,0.744,0.696,,,,,,,1.63,3.7,5.0,2.05,2.0
2026-09-30 19:30,International,Gulf Cup: Group B,LS:intl/gulf-cup-group-b,UAE,Qatar,1.908,0.856,,,,Low,0.6,4,5,0.768,0.522,0.3,0.495,0.768,0.522,0.495,,,,,,,,,4,3.348,0.048,1.686,0.53,0.95,0.95,0.048,0.952,0.0,3/4,,,5,1.205,0.194,1.245,0.704,0.451,0.097,0.097,0.903,0.188,2/5,,,1.608,1.296,0.5,1,2.0,False,0.616,0.227,0.157,0.852,0.575,,,,,,,,,,,
2026-09-30 19:45,Germany,Oberliga: Westfalen,LS:germany/oberliga-westfalen,SC Verl II,FC Gievenbeck,1.443,1.873,,,,High,0.87,40,40,0.848,0.644,0.423,0.651,0.848,0.644,0.651,,,,,,,,,40,1.535,1.818,0.945,1.044,0.806,0.627,0.737,0.181,0.111,7/10,,,40,2.026,1.29,1.231,0.827,0.858,0.658,0.637,0.217,0.145,6/10,,,1.847,1.457,0.637,4,3.25,True,0.293,0.234,0.473,0.764,0.846,,,,,,,,,,,
2026-09-30 20:00,Belgium,National Division 1 ACFF,LS:belgium/national-division-1-acff,Flenu,Olympic Charleroi Chatelet Farciennes,1.353,1.583,1.131,1.953,Sportybet 1X2 + O/U 2.5,Low,0.65,5,4,0.797,0.562,0.338,0.595,0.797,0.562,0.595,,,,,,,,,5,1.009,2.601,0.807,1.267,1.0,1.0,0.811,0.0,0.189,5/5,,,4,0.992,1.783,0.88,1.119,1.0,0.509,0.519,0.236,0.244,2/4,,,1.497,1.421,0.55,0,,False,0.321,0.256,0.423,0.741,0.795,,,,,,,4.25,3.75,1.59,1.53,1.57
2026-09-30 20:00,Belgium,National Division 1 ACFF,LS:belgium/national-division-1-acff,RWD Molenbeek,Union Rochefortoise,2.049,0.885,,,,Medium,0.7,5,27,0.795,0.562,0.338,0.516,0.795,0.562,0.516,,,,,,,,,5,1.569,0.187,1.528,0.533,0.378,0.378,0.187,0.813,0.0,2/5,,,27,1.994,1.41,1.167,0.896,0.916,0.613,0.669,0.221,0.11,5/10,,,1.497,1.421,0.55,0,,True,0.639,0.213,0.148,0.871,0.587,,,,,,,,,,,
2026-09-30 20:00,Belgium,National Division 1 ACFF,LS:belgium/national-division-1-acff,Sporting Charleroi U21,Habay La Neuve,1.56,1.32,,,,High,0.91,27,27,0.788,0.549,0.326,0.585,0.788,0.549,0.585,,,,,,,,,27,1.178,1.386,0.948,1.023,0.628,0.416,0.523,0.153,0.323,5/10,,,27,1.257,1.619,0.908,1.099,0.773,0.579,0.548,0.269,0.361,5/10,,,1.497,1.421,0.55,2,4.0,True,0.425,0.258,0.317,0.79,0.733,,,,,,,,,,,
2026-09-30 20:00,Belgium,National Division 1 VV,LS:belgium/national-division-1-vv,Belisia Bilzen SV,KSK Heist,2.217,1.306,1.563,1.599,Sportybet 1X2 + O/U 2.5,Medium,0.68,34,5,0.871,0.683,0.468,0.654,0.871,0.683,0.654,,,,,,,,,34,2.068,1.62,1.082,0.955,0.797,0.654,0.563,0.403,0.104,6/10,,,5,1.078,1.849,0.865,1.117,0.847,0.631,0.647,0.0,0.353,3/5,,,1.834,1.58,0.684,2,4.5,True,0.576,0.209,0.214,0.891,0.729,,,,,,,2.45,3.4,2.35,1.49,1.43
2026-09-30 20:00,Belgium,National Division 1 VV,LS:belgium/national-division-1-vv,Houtvenne,KFC Mandel United,1.775,1.553,1.674,1.331,Sportybet 1X2 + O/U 2.5,Low,0.61,34,4,0.85,0.646,0.426,0.66,0.85,0.646,0.66,,,,,,,,,34,2.263,1.513,1.156,0.889,0.92,0.784,0.566,0.251,0.208,7/10,,,4,1.48,0.764,1.106,0.837,0.744,0.5,0.509,0.236,0.256,2/4,,,1.834,1.58,0.684,0,,False,0.428,0.238,0.335,0.831,0.788,,,,,,,1.99,3.4,3.0,1.57,1.51
2026-09-30 20:00,Belgium,National Division 1 VV,LS:belgium/national-division-1-vv,KFC Merelbeke,Dessel,2.192,1.387,1.719,1.52,Sportybet 1X2 + O/U 2.5,High,0.9,34,34,0.877,0.694,0.48,0.671,0.877,0.694,0.671,,,,,,,,,34,1.763,1.417,1.081,0.892,0.864,0.669,0.613,0.144,0.243,7/10,,,34,2.001,2.252,0.984,1.106,0.96,0.777,0.752,0.013,0.234,8/10,,,1.834,1.58,0.684,4,3.75,True,0.554,0.212,0.234,0.888,0.75,,,,,,,2.15,3.5,2.7,1.45,1.41
2026-09-30 20:00,Belgium,National Division 1 VV,LS:belgium/national-division-1-vv,KVV Zelzate,Royal Knokke FC,1.39,2.139,1.371,1.758,Sportybet 1X2 + O/U 2.5,High,0.88,34,34,0.871,0.684,0.47,0.667,0.871,0.684,0.667,,,,,,,,,34,1.436,2.437,0.832,1.241,0.937,0.798,0.612,0.076,0.361,9/10,,,34,1.938,1.414,1.09,0.91,0.901,0.702,0.565,0.301,0.161,7/10,,,1.834,1.58,0.684,2,4.5,True,0.242,0.216,0.542,0.751,0.882,,,,,,,2.95,3.8,1.9,1.5,1.49
2026-09-30 20:00,Belgium,National Division 1 VV,LS:belgium/national-division-1-vv,Roeselare,Thes Sport,1.984,1.292,1.712,1.156,Sportybet 1X2 + O/U 2.5,High,0.9,34,34,0.843,0.636,0.414,0.63,0.843,0.636,0.63,,,,,,,,,34,1.761,0.939,1.144,0.789,0.719,0.384,0.541,0.373,0.134,4/10,,,34,1.751,1.498,1.036,0.945,0.869,0.516,0.652,0.256,0.147,5/10,,,1.834,1.58,0.684,2,2.5,True,0.53,0.227,0.243,0.862,0.725,,,,,,,1.8,3.4,3.6,1.66,1.61
2026-09-30 20:00,England,Women's League Cup,LS:england/womens-league-cup,Birmingham City W,Liverpool W,1.603,1.584,,,,Medium,0.66,5,27,0.832,0.617,0.395,0.64,0.832,0.617,0.64,,,,,,,,,5,1.209,2.398,0.877,1.177,1.0,0.592,0.592,0.0,0.408,3/5,,,27,1.761,1.437,1.057,0.974,0.835,0.512,0.529,0.303,0.224,5/10,,,1.877,1.273,0.429,0,,True,0.382,0.245,0.373,0.799,0.795,,,,,,,,,,,
2026-09-30 20:00,England,Women's League Cup,LS:england/womens-league-cup,Crystal Palace W,Charlton Athletic W,2.726,0.738,,,,Medium,0.66,5,5,0.863,0.672,0.456,0.491,0.863,0.672,0.491,,,,,,,,,5,1.025,2.049,0.818,1.212,0.413,0.413,0.211,0.587,0.397,2/5,,,5,0.202,2.786,0.479,1.775,0.595,0.595,0.202,0.0,0.798,3/5,,,1.877,1.273,0.429,0,,True,0.787,0.14,0.072,0.935,0.522,,,,,,,,,,,
2026-09-30 20:00,England,Women's League Cup,LS:england/womens-league-cup,Durham W,Manchester United W,1.482,1.732,,,,Low,0.61,4,37,0.836,0.623,0.401,0.641,0.836,0.623,0.641,,,,,,,,,4,1.245,3.255,0.845,1.25,1.0,1.0,1.0,0.0,0.0,4/4,,,37,2.014,1.464,1.089,0.935,0.821,0.642,0.601,0.214,0.275,6/10,,,1.877,1.273,0.429,0,,False,0.326,0.242,0.432,0.773,0.823,,,,,,,,,,,
2026-09-30 20:00,England,Women's League Cup,LS:england/womens-league-cup,West Ham United W,Southampton W,1.22,1.682,,,,Low,0.61,26,4,0.791,0.554,0.331,0.579,0.791,0.554,0.579,,,,,,,,,26,0.986,1.832,0.812,1.186,0.734,0.615,0.595,0.131,0.31,5/10,,,4,0.971,0.5,1.115,0.801,0.5,0.235,0.5,0.5,0.5,1/4,,,1.877,1.273,0.429,0,,False,0.272,0.252,0.476,0.705,0.814,,,,,,,,,,,
2026-09-30 20:00,Switzerland,Promotion League,LS:switzerland/promotion-league,FC Kreuzlingen,SC Bruehl,1.37,1.771,,,,High,0.89,39,39,0.826,0.608,0.384,0.624,0.826,0.608,0.624,,,,,,,,,39,1.138,1.673,0.836,1.066,0.766,0.507,0.602,0.105,0.32,5/10,,,39,1.993,1.398,1.129,0.886,0.821,0.617,0.585,0.218,0.257,4/10,,,1.849,1.471,0.665,2,3.5,True,0.293,0.242,0.465,0.746,0.83,,,,,,,,,,,
2026-09-30 20:30,Belgium,National Division 1 VV,LS:belgium/national-division-1-vv,Harelbeke,Hoogstraten,1.008,2.596,,,,Low,0.6,4,34,0.878,0.698,0.486,0.591,0.878,0.698,0.591,,,,,,,,,4,0.244,3.012,0.555,1.612,1.0,1.0,0.244,0.0,0.756,4/4,,,34,1.902,1.754,1.019,0.989,0.949,0.628,0.809,0.108,0.096,5/10,,,1.834,1.58,0.684,0,,False,0.121,0.168,0.711,0.635,0.925,,,,,,,,,,,
2026-09-30 20:30,England,Women's League Cup,LS:england/womens-league-cup,Aston Villa W,Newcastle United W,0.903,2.491,,,,Low,0.56,27,4,0.856,0.659,0.44,0.549,0.856,0.659,0.549,,,,,,,,,27,1.115,2.202,0.802,1.29,0.928,0.577,0.611,0.202,0.244,6/10,,,4,2.798,0.255,1.517,0.6,0.756,0.521,0.255,0.745,0.0,2/4,,,1.877,1.273,0.429,0,,False,0.112,0.171,0.716,0.595,0.917,,,,,,,,,,,
2026-09-30 20:30,England,Women's League Cup,LS:england/womens-league-cup,Ipswich Town W,London City Lionesses,1.768,1.224,,,,Low,0.61,4,27,0.805,0.575,0.351,0.591,0.805,0.575,0.591,,,,,,,,,4,1.286,0.5,1.113,0.826,0.5,0.265,0.5,0.5,0.245,1/4,,,27,1.777,1.119,1.165,0.847,0.886,0.568,0.638,0.25,0.135,6/10,,,1.877,1.273,0.429,0,,False,0.496,0.245,0.259,0.829,0.706,,,,,,,,,,,
2026-09-30 20:30,Euro U21 2027,Qualification: Group B,LS:euro-u21-2027/qualification-group-b,Scotland U21,Azerbaijan U21,1.972,1.033,,,,Low,0.5,8,8,0.807,0.578,0.354,0.559,0.807,0.578,0.559,,,,,,,,,8,1.628,1.26,1.036,0.959,0.661,0.41,0.089,0.532,0.608,3/8,,,8,0.713,1.745,0.833,1.162,0.778,0.307,0.528,0.222,0.402,4/8,,,1.638,1.293,0.512,1,6.0,False,0.587,0.225,0.188,0.861,0.644,,,,,,,,,,,
2026-09-30 20:45,England,Isthmian League Premier Division,LS:england/isthmian-league,Whyteleafe,Brentwood Town,1.527,1.826,1.428,1.796,Sportybet 1X2 + O/U 2.5,Medium,0.74,11,40,0.853,0.651,0.431,0.662,0.853,0.651,0.662,,,,,,,,,11,1.337,2.2,0.86,1.186,0.893,0.706,0.615,0.212,0.28,7/10,,,40,1.865,1.673,1.048,0.977,0.819,0.658,0.616,0.205,0.251,7/10,,,1.818,1.469,0.666,0,,True,0.32,0.235,0.445,0.783,0.839,,,,,,,3.0,3.8,1.98,1.47,1.43
2026-09-30 20:45,England,Isthmian League: North Division,LS:england/isthmian-league-north-division,Grays Athletic,Takeley,1.46,1.641,1.603,1.223,Sportybet 1X2 + O/U 2.5,Medium,0.71,12,10,0.821,0.599,0.375,0.624,0.821,0.599,0.624,,,,,,,,,12,0.888,2.068,0.784,1.173,0.775,0.761,0.537,0.121,0.449,8/10,,,10,1.85,1.577,0.999,1.009,1.0,0.436,0.321,0.551,0.128,4/10,,,1.846,1.399,0.741,0,,True,0.337,0.248,0.415,0.768,0.806,,,,,,,2.0,3.5,3.2,1.71,1.62
2026-09-30 20:45,England,National League,EC,Eastleigh,Southend,1.245,1.89,1.171,1.839,reference odds (football-data.co.uk),High,0.89,40,40,0.825,0.606,0.383,0.61,0.825,0.606,0.61,1.6,2.2,1.65,2.2,0.579,3.85,3.75,1.73,40,1.187,1.501,0.894,1.025,0.699,0.495,0.671,0.18,0.149,6/10,,,40,2.269,1.423,1.328,0.845,0.866,0.691,0.761,0.188,0.073,8/10,,,1.648,1.389,0.602,8,2.875,True,0.246,0.235,0.52,0.712,0.849,5.141,4.536,0.496,1.861,2.184,0.379,4.0,3.9,1.78,1.64,1.59
2026-09-30 20:45,England,National League,EC,Tamworth,Sutton,1.706,1.461,1.574,1.407,reference odds (football-data.co.uk),High,0.91,40,40,0.83,0.613,0.39,0.634,0.83,0.613,0.634,1.62,2.17,1.7,2.1,0.573,2.23,3.48,2.72,40,1.689,2.339,1.023,1.141,0.884,0.852,0.884,0.085,0.031,10/10,,,40,1.247,1.49,0.922,1.012,0.826,0.554,0.479,0.23,0.302,5/10,,,1.648,1.389,0.602,4,2.75,True,0.43,0.244,0.325,0.818,0.768,5.273,4.327,0.487,2.135,2.576,0.498,2.3,3.7,2.8,1.65,1.54
2026-09-30 20:45,England,Northern Premier League: East Division,LS:england/northern-premier-league-east-division,Grimsby Borough,Hallam,1.43,1.085,,,,Medium,0.63,11,8,0.722,0.46,0.246,0.51,0.722,0.46,0.51,,,,,,,,,11,0.581,1.948,0.712,1.281,0.602,0.309,0.31,0.259,0.563,4/10,,,8,0.599,1.724,0.735,1.262,0.829,0.247,0.577,0.0,0.423,3/8,,,1.592,1.153,0.463,0,,True,0.443,0.277,0.28,0.761,0.662,,,,,,,,,,,
2026-09-30 20:45,England,Northern Premier League: Midlands Division,LS:england/northern-premier-league-midlands-division,Corby Town,Carlton Town,1.569,1.607,,,,Medium,0.75,10,10,0.831,0.615,0.392,0.638,0.831,0.615,0.638,,,,,,,,,10,1.319,2.592,0.859,1.222,1.0,0.719,0.575,0.018,0.406,8/10,,,10,1.816,2.137,0.96,1.109,0.876,0.876,0.708,0.141,0.152,9/10,,,1.646,1.369,0.54,0,,True,0.369,0.246,0.385,0.792,0.799,,,,,,,,,,,
2026-09-30 20:45,England,Northern Premier League: Midlands Division,LS:england/northern-premier-league-midlands-division,Coventry United,AFC Rushden & Diamonds,1.437,1.567,,,,Medium,0.65,7,10,0.807,0.578,0.354,0.609,0.807,0.578,0.609,,,,,,,,,7,1.303,1.386,0.979,0.984,0.85,0.56,0.56,0.305,0.134,4/7,,,10,2.096,1.427,1.163,0.891,0.88,0.721,0.729,0.271,0.12,7/10,,,1.646,1.369,0.54,0,,True,0.345,0.253,0.402,0.762,0.791,,,,,,,,,,,
2026-09-30 20:45,England,Northern Premier League: West Division,LS:england/northern-premier-league-west-division,Lower Breck,Prescot Cables,1.397,1.581,,,,Medium,0.71,11,40,0.803,0.572,0.348,0.603,0.803,0.572,0.603,,,,,,,,,11,2.051,1.625,1.09,0.953,0.891,0.731,0.481,0.256,0.263,7/10,,,40,1.581,0.966,1.061,0.82,0.809,0.405,0.444,0.379,0.205,3/10,,,1.564,1.564,0.584,0,,True,0.332,0.254,0.413,0.753,0.794,,,,,,,,,,,
2026-09-30 20:45,England,Southern League Premier: South,LS:england/southern-premier-division-south,Frome Town,Taunton Town,1.927,1.393,1.794,1.321,Sportybet 1X2 + O/U 2.5,Medium,0.74,14,40,0.849,0.645,0.424,0.647,0.849,0.645,0.647,,,,,,,,,14,1.564,1.283,1.028,0.935,0.818,0.495,0.411,0.275,0.314,5/10,,,40,2.149,1.981,1.11,1.072,0.936,0.812,0.731,0.188,0.104,10/10,,,1.748,1.342,0.594,2,1.0,True,0.495,0.231,0.274,0.854,0.752,,,,,,,1.91,3.6,3.33,1.52,1.47
2026-09-30 20:45,England,Southern League Premier: South,LS:england/southern-premier-division-south,Gosport Borough,Bracknell Town,1.855,1.308,1.657,1.405,Sportybet 1X2 + O/U 2.5,High,0.9,40,40,0.829,0.612,0.389,0.621,0.829,0.612,0.621,,,,,,,,,40,1.55,1.586,0.96,1.078,0.804,0.599,0.652,0.078,0.27,5/10,,,40,1.514,1.75,0.905,1.105,0.824,0.632,0.57,0.165,0.338,7/10,,,1.748,1.342,0.594,4,5.0,True,0.498,0.237,0.265,0.844,0.73,,,,,,,2.15,3.5,2.9,1.56,1.48
2026-09-30 20:45,England,Southern League: Central Divison,LS:england/southern-league-central-division,Aylesbury United,Waltham Abbey,1.171,2.373,,,,Medium,0.59,8,15,0.873,0.687,0.473,0.63,0.873,0.687,0.63,,,,,,,,,8,2.106,2.302,1.024,1.058,0.865,0.72,0.703,0.135,0.162,6/8,,,15,3.411,0.835,1.561,0.647,1.0,0.679,0.463,0.427,0.11,7/10,,,1.767,1.438,0.679,0,,True,0.17,0.194,0.636,0.69,0.907,,,,,,,,,,,
2026-09-30 20:45,England,Southern League: Central Divison,LS:england/southern-league-central-division,London Lions,Biggleswade Town,1.629,1.608,,,,Medium,0.65,8,6,0.839,0.628,0.406,0.648,0.839,0.628,0.648,,,,,,,,,8,1.653,2.62,0.886,1.226,0.843,0.71,0.546,0.147,0.307,6/8,,,6,1.034,1.455,0.912,1.041,0.815,0.423,0.621,0.185,0.379,3/6,,,1.767,1.438,0.679,0,,True,0.383,0.243,0.374,0.804,0.8,,,,,,,,,,,
2026-09-30 20:45,England,Women's League Cup,LS:england/womens-league-cup,Brighton W,Tottenham Hotspur W,1.52,1.595,,,,High,0.84,27,26,0.823,0.602,0.378,0.628,0.823,0.602,0.628,,,,,,,,,27,1.314,1.259,0.977,0.954,0.752,0.456,0.536,0.231,0.277,4/10,,,26,2.563,1.26,1.314,0.829,0.869,0.696,0.579,0.349,0.136,8/10,,,1.877,1.273,0.429,4,1.75,True,0.36,0.248,0.392,0.781,0.797,4.957,4.513,0.471,1.826,2.075,0.353,,,,,
2026-09-30 21:00,Euro U21 2027,Qualification: Group B,LS:euro-u21-2027/qualification-group-b,Portugal U21,Gibraltar U21,3.083,0.638,,,,Low,0.48,8,8,0.888,0.718,0.51,0.453,0.888,0.718,0.453,,,,,,,,,8,2.594,0.847,1.229,0.811,0.93,0.883,0.424,0.576,0.07,6/8,,,8,0.073,4.104,0.608,1.532,0.661,0.554,0.073,0.0,0.927,5/8,,,1.638,1.293,0.512,1,11.0,False,0.849,0.106,0.045,0.954,0.472,,,,,,,,,,,
2026-09-30 21:00,UEFA Women's Champions League,Final Stage,LS:uefa-women-s-champions-league/final-stage,Benfica W,Bayern Munich W,1.711,1.457,,,,Medium,0.7,7,11,0.83,0.613,0.39,0.634,0.83,0.613,0.634,,,,,,,,,7,1.346,1.413,1.0,0.99,1.0,0.663,0.845,0.0,0.155,3/7,,,11,2.093,2.013,1.027,1.019,1.0,0.882,0.944,0.056,0.0,9/10,,,1.679,1.434,0.595,0,,False,0.432,0.244,0.323,0.819,0.767,,,,,,,,,,,
2026-09-30 21:00,UEFA Women's Champions League,Final Stage,LS:uefa-women-s-champions-league/final-stage,Lyon W,Chelsea W,1.4,1.658,,,,Medium,0.57,11,35,0.815,0.59,0.366,0.615,0.815,0.59,0.615,,,,,,,,,11,3.464,1.192,1.303,0.799,0.906,0.906,0.358,0.415,0.228,9/10,,,35,2.099,0.654,1.446,0.64,0.72,0.387,0.388,0.575,0.037,4/10,,,1.679,1.434,0.595,0,,False,0.319,0.249,0.431,0.753,0.809,,,,,,,,,,,
2026-09-30 21:30,Venezuela,Segunda División: Occidental,LS:venezuela/segunda-division-grupo-occidental,Atletico Barinas,Academia Rey,1.347,1.704,,,,High,0.85,28,34,0.814,0.588,0.364,0.611,0.814,0.588,0.611,,,,,,,,,28,1.686,2.075,1.014,1.136,0.843,0.735,0.843,0.054,0.103,6/10,,,34,1.858,1.034,1.18,0.831,0.814,0.585,0.644,0.296,0.179,6/10,,,1.6,1.272,0.554,3,4.0,True,0.299,0.247,0.454,0.74,0.818,,,,,,,,,,,
2026-09-30 21:30,Venezuela,Segunda División: Occidental,LS:venezuela/segunda-division-grupo-occidental,Atletico El Vigia,Zamora FC B,1.413,1.426,,,,High,0.89,35,27,0.781,0.54,0.317,0.581,0.781,0.54,0.581,,,,,,,,,35,1.286,1.384,0.976,0.989,0.666,0.498,0.513,0.268,0.323,5/10,,,27,1.578,1.312,1.134,0.904,0.953,0.626,0.557,0.28,0.211,6/10,,,1.6,1.272,0.554,3,1.333,True,0.366,0.263,0.372,0.757,0.76,,,,,,,,,,,
2026-09-30 22:00,Paraguay,Copa Paraguay,LS:paraguay/copa-paraguay,Independiente CG,Nacional Asuncion,1.052,1.729,1.043,1.758,Sportybet 1X2 + O/U 2.5,High,0.82,32,26,0.771,0.526,0.304,0.541,0.771,0.526,0.541,,,,,,,,,32,1.359,1.104,1.009,0.879,0.698,0.422,0.518,0.386,0.223,4/10,,,26,1.556,0.561,1.279,0.671,0.749,0.31,0.307,0.593,0.186,3/10,,,1.554,1.537,0.643,0,,True,0.225,0.249,0.527,0.651,0.823,,,,,,,4.3,3.7,1.74,1.76,1.69
2026-09-30 22:00,Peru,Liga 1: Clausura,LS:peru/primera-division-clausura,Cienciano,Los Chankas CYC,2.196,1.005,2.317,0.997,Sportybet 1X2 + O/U 2.5,High,0.86,20,21,0.834,0.62,0.398,0.568,0.834,0.62,0.568,,,,,,,,,20,1.339,1.823,0.934,1.077,0.806,0.611,0.598,0.221,0.272,6/10,,,21,1.092,2.4,0.744,1.349,0.84,0.741,0.54,0.126,0.334,8/10,,,1.742,1.254,0.59,1,3.0,True,0.64,0.203,0.157,0.889,0.634,5.739,3.642,0.46,1.923,2.494,0.447,1.4,5.0,6.4,1.47,1.64
2026-09-30 22:00,Venezuela,Segunda División: Occidental,LS:venezuela/segunda-division-grupo-occidental,Yaracuyanos FC,Academia Puerto Cabello B,1.73,0.992,,,,High,0.87,32,35,0.761,0.512,0.291,0.523,0.761,0.512,0.523,,,,,,,,,32,1.233,1.003,0.997,0.888,0.583,0.411,0.42,0.359,0.364,4/10,,,35,1.255,1.523,0.878,1.084,0.755,0.592,0.554,0.22,0.329,6/10,,,1.6,1.272,0.554,3,0.667,True,0.541,0.249,0.21,0.823,0.629,,,,,,,,,,,
2026-09-30 23:00,Chile,Primera B,LS:chile/primera-b,Union San Felipe,San Luis,0.896,1.597,1.124,1.382,Sportybet 1X2 + O/U 2.5,High,0.9,32,33,0.717,0.454,0.241,0.478,0.717,0.454,0.478,,,,,,,,,32,0.63,1.654,0.675,1.263,0.606,0.369,0.329,0.331,0.55,3/10,,,33,1.574,1.104,1.103,0.894,0.792,0.469,0.676,0.236,0.143,3/10,,,1.485,1.145,0.458,3,2.667,True,0.205,0.262,0.533,0.592,0.797,,,,,,,3.2,3.1,2.25,2.05,1.76
2026-09-30 23:00,El Salvador,Primera Division: Apertura,LS:el-salvador/primera-division-apertura,CD Aguila,Inter FA,1.289,1.345,,,,High,0.89,21,27,0.745,0.49,0.272,0.542,0.745,0.49,0.542,,,,,,,,,21,1.426,1.351,1.051,1.008,0.698,0.537,0.594,0.238,0.302,6/10,,,27,1.362,0.922,1.111,0.837,0.708,0.431,0.39,0.492,0.326,5/10,,,1.466,1.201,0.465,3,1.667,True,0.35,0.274,0.376,0.725,0.739,,,,,,,,,,,
