parlay_id,created,run,window_end,n_legs,legs,odds,p,ev,price_source,status,settled_on,note
20260926-01,2026-09-26 14:57,manual,2026-09-26 17:00,2,"[{""date"": ""2026-09-26"", ""country"": ""England"", ""league"": ""League Two"", ""home"": ""York"", ""away"": ""Gillingham"", ""kickoff"": ""2026-09-26 16:00"", ""sel"": ""H"", ""odds"": 1.8, ""p"": 0.5845924131602191, ""source"": ""Sportybet""}, {""date"": ""2026-09-26"", ""country"": ""England"", ""league"": ""League Two"", ""home"": ""Newport County"", ""away"": ""Grimsby"", ""kickoff"": ""2026-09-26 16:00"", ""sel"": ""A"", ""odds"": 1.93, ""p"": 0.5146340037524761, ""source"": ""Sportybet""}]",3.47,0.301,+0.045,Sportybet,pending,,
20260926-04,2026-09-26 14:59,manual,2026-09-26 17:00,2,"[{""date"": ""2026-09-26"", ""country"": ""England"", ""league"": ""National League"", ""home"": ""Southend"", ""away"": ""Barrow"", ""kickoff"": ""2026-09-26 16:00"", ""sel"": ""O25"", ""odds"": 1.59, ""p"": 0.6082673582576634, ""source"": ""avg market""}, {""date"": ""2026-09-26"", ""country"": ""England"", ""league"": ""League Two"", ""home"": ""Bristol Rvs"", ""away"": ""Exeter"", ""kickoff"": ""2026-09-26 16:00"", ""sel"": ""H"", ""odds"": 1.72, ""p"": 0.559689819699788, ""source"": ""avg market""}]",2.73,0.340,-0.069,avg market,pending,,
20260926-05,2026-09-26 14:59,manual,2026-09-26 17:00,2,"[{""date"": ""2026-09-26"", ""country"": ""England"", ""league"": ""League One"", ""home"": ""Plymouth"", ""away"": ""Burton"", ""kickoff"": ""2026-09-26 16:00"", ""sel"": ""H"", ""odds"": 1.59, ""p"": 0.606947924927291, ""source"": ""avg market""}, {""date"": ""2026-09-26"", ""country"": ""England"", ""league"": ""League Two"", ""home"": ""Newport County"", ""away"": ""Grimsby"", ""kickoff"": ""2026-09-26 16:00"", ""sel"": ""A"", ""odds"": 1.8, ""p"": 0.5302886860336288, ""source"": ""avg market""}]",2.86,0.322,-0.079,avg market,pending,,
20260926-06,2026-09-26 14:59,manual,2026-09-26 17:00,2,"[{""date"": ""2026-09-26"", ""country"": ""England"", ""league"": ""National League"", ""home"": ""Boston Utd"", ""away"": ""Fylde"", ""kickoff"": ""2026-09-26 16:00"", ""sel"": ""O25"", ""odds"": 1.48, ""p"": 0.6501437342600123, ""source"": ""avg market""}, {""date"": ""2026-09-26"", ""country"": ""England"", ""league"": ""League Two"", ""home"": ""Rotherham"", ""away"": ""Crewe"", ""kickoff"": ""2026-09-26 16:00"", ""sel"": ""H"", ""odds"": 2.1, ""p"": 0.4536493725640796, ""source"": ""avg market""}]",3.11,0.295,-0.083,avg market,pending,,
20260926-07,2026-09-26 15:05,manual,2026-09-26 17:00,2,"[{""date"": ""2026-09-26"", ""country"": ""England"", ""league"": ""League One"", ""home"": ""Wycombe"", ""away"": ""Reading"", ""kickoff"": ""2026-09-26 16:00"", ""sel"": ""H"", ""odds"": 2.85, ""p"": 0.35133055097237875, ""source"": ""Sportybet""}, {""date"": ""2026-09-26"", ""country"": ""England"", ""league"": ""National League"", ""home"": ""Solihull"", ""away"": ""Boreham Wood"", ""kickoff"": ""2026-09-26 16:00"", ""sel"": ""X2"", ""odds"": 1.21, ""p"": 0.8020967256047264, ""source"": ""Sportybet""}]",3.45,0.282,-0.028,Sportybet,pending,,
20260926-08,2026-09-26 15:05,manual,2026-09-26 17:00,2,"[{""date"": ""2026-09-26"", ""country"": ""England"", ""league"": ""National League"", ""home"": ""Boston Utd"", ""away"": ""Fylde"", ""kickoff"": ""2026-09-26 16:00"", ""sel"": ""O25"", ""odds"": 1.52, ""p"": 0.6409523582992704, ""source"": ""Sportybet""}, {""date"": ""2026-09-26"", ""country"": ""Spain"", ""league"": ""Segunda División"", ""home"": ""Granada"", ""away"": ""Andorra"", ""kickoff"": ""2026-09-26 16:15"", ""sel"": ""H"", ""odds"": 2.3, ""p"": 0.4267720344306125, ""source"": ""Sportybet""}]",3.50,0.274,-0.044,Sportybet,pending,,
20260926-07,2026-09-26 15:37,manual 15:37,2026-09-26 17:00,2,"[{""date"": ""2026-09-26"", ""country"": ""England"", ""league"": ""League Two"", ""home"": ""York"", ""away"": ""Gillingham"", ""kickoff"": ""2026-09-26 16:00"", ""sel"": ""H"", ""odds"": 1.73, ""p"": 0.5948623096329805, ""source"": ""Sportybet""}, {""date"": ""2026-09-26"", ""country"": ""England"", ""league"": ""National League"", ""home"": ""Solihull"", ""away"": ""Boreham Wood"", ""kickoff"": ""2026-09-26 16:00"", ""sel"": ""A"", ""odds"": 1.73, ""p"": 0.5825353323485086, ""source"": ""Sportybet""}]",2.99,0.347,+0.037,Sportybet,pending,,
20260926-08,2026-09-26 15:37,manual 15:37,2026-09-26 17:00,2,"[{""date"": ""2026-09-26"", ""country"": ""England"", ""league"": ""League One"", ""home"": ""Cambridge"", ""away"": ""AFC Wimbledon"", ""kickoff"": ""2026-09-26 16:00"", ""sel"": ""U25"", ""odds"": 2.05, ""p"": 0.49864446523453443, ""source"": ""Sportybet""}, {""date"": ""2026-09-26"", ""country"": ""England"", ""league"": ""National League"", ""home"": ""Boston Utd"", ""away"": ""Fylde"", ""kickoff"": ""2026-09-26 16:00"", ""sel"": ""O25"", ""odds"": 1.5, ""p"": 0.644837332391023, ""source"": ""Sportybet""}]",3.07,0.322,-0.011,Sportybet,pending,,
20260926-09,2026-09-26 15:37,manual 15:37,2026-09-26 17:00,2,"[{""date"": ""2026-09-26"", ""country"": ""England"", ""league"": ""League Two"", ""home"": ""Newport County"", ""away"": ""Grimsby"", ""kickoff"": ""2026-09-26 16:00"", ""sel"": ""A"", ""odds"": 1.93, ""p"": 0.5146340037524761, ""source"": ""Sportybet""}, {""date"": ""2026-09-26"", ""country"": ""England"", ""league"": ""League Two"", ""home"": ""Bristol Rvs"", ""away"": ""Exeter"", ""kickoff"": ""2026-09-26 16:00"", ""sel"": ""H"", ""odds"": 1.77, ""p"": 0.5514305853339463, ""source"": ""Sportybet""}]",3.42,0.284,-0.031,Sportybet,pending,,
