match_date,kickoff,country,div,league,home,away,market,p_model,p_market,p_final,odds,status,score,total_goals,settled_on,report_date
2026-09-27,2026-09-27 00:30,USA,USA:MLS,MLS,Philadelphia Union,Orlando City,O15,0.936,,0.936,,hit,4-2,6,2026-09-27,2026-09-26
2026-09-26,2026-09-26 15:00,England,EC,National League,Solihull,Boreham Wood,O15,0.896,,0.896,,hit,0-3,3,2026-09-28,2026-09-26
2026-09-27,2026-09-27 01:30,USA,USA:MLS,MLS,Seattle Sounders,Minnesota United,O15,0.880,,0.880,,hit,3-1,4,2026-09-27,2026-09-26
2026-09-26,2026-09-26 15:00,England,EC,National League,Southend,Barrow,O15,0.876,,0.876,,hit,2-4,6,2026-09-28,2026-09-26
2026-09-26,2026-09-26 15:00,England,E2,League One,Stockport,Peterboro,O15,0.869,,0.869,,miss,1-0,1,2026-09-28,2026-09-26
2026-09-27,2026-09-27 00:30,USA,USA:MLS,MLS,Charlotte,Chicago Fire,O15,0.863,,0.863,,miss,0-1,1,2026-09-27,2026-09-26
2026-09-27,2026-09-27 03:30,USA,USA:MLS,MLS,San Jose Earthquakes,Portland Timbers,O15,0.859,,0.859,,hit,3-1,4,2026-09-27,2026-09-26
2026-09-26,2026-09-26 15:00,England,EC,National League,Boston Utd,Fylde,O15,0.855,,0.855,,miss,0-1,1,2026-09-28,2026-09-26
2026-09-27,2026-09-27 00:30,USA,USA:MLS,MLS,CF Montreal,FC Cincinnati,O15,0.855,,0.855,,hit,3-1,4,2026-09-27,2026-09-26
2026-09-26,2026-09-26 15:00,England,E3,League Two,York,Gillingham,O15,0.847,,0.847,,hit,3-0,3,2026-09-28,2026-09-26
2026-09-27,2026-09-27 00:30,USA,USA:MLS,MLS,Philadelphia Union,Orlando City,O25,0.821,,0.821,,hit,4-2,6,2026-09-27,2026-09-26
2026-09-26,2026-09-26 15:00,England,EC,National League,Solihull,Boreham Wood,O25,0.738,0.696,0.721,1.33,hit,0-3,3,2026-09-28,2026-09-26
2026-09-27,2026-09-27 01:30,USA,USA:MLS,MLS,Seattle Sounders,Minnesota United,O25,0.708,,0.708,,hit,3-1,4,2026-09-27,2026-09-26
2026-09-26,2026-09-26 15:00,England,E2,League One,Stockport,Peterboro,O25,0.688,0.681,0.685,1.37,miss,1-0,1,2026-09-28,2026-09-26
2026-09-27,2026-09-27 00:30,USA,USA:MLS,MLS,Charlotte,Chicago Fire,O25,0.678,,0.678,,miss,0-1,1,2026-09-27,2026-09-26
2026-09-27,2026-09-27 03:30,USA,USA:MLS,MLS,San Jose Earthquakes,Portland Timbers,O25,0.670,,0.670,,hit,3-1,4,2026-09-27,2026-09-26
2026-09-27,2026-09-27 00:30,USA,USA:MLS,MLS,CF Montreal,FC Cincinnati,O25,0.663,,0.663,,hit,3-1,4,2026-09-27,2026-09-26
2026-09-26,2026-09-26 15:00,England,EC,National League,Southend,Barrow,O25,0.701,0.584,0.654,1.59,hit,2-4,6,2026-09-28,2026-09-26
2026-09-26,2026-09-26 15:00,England,EC,National League,Boston Utd,Fylde,O25,0.663,0.626,0.648,1.48,miss,0-1,1,2026-09-28,2026-09-26
2026-09-27,2026-09-27 01:30,USA,USA:MLS,MLS,Nashville SC,Toronto FC,O25,0.638,,0.638,,miss,2-0,2,2026-09-27,2026-09-26
2026-09-26,2026-09-26 15:00,England,E3,League Two,York,Gillingham,O25,0.650,0.592,0.627,1.57,hit,3-0,3,2026-09-28,2026-09-26
2026-09-27,2026-09-27 02:30,USA,USA:MLS,MLS,Real Salt Lake,New England Revolution,O25,0.624,,0.624,,hit,3-0,3,2026-09-27,2026-09-26
2026-09-26,2026-09-26 15:00,England,EC,National League,Aldershot,Tamworth,O25,0.627,0.616,0.623,1.50,hit,5-1,6,2026-09-28,2026-09-26
2026-09-27,2026-09-27 00:30,USA,USA:MLS,MLS,New York Red Bulls,St. Louis City,O25,0.610,,0.610,,hit,0-3,3,2026-10-01,2026-09-26
2026-09-27,2026-09-27 00:30,USA,USA:MLS,MLS,Philadelphia Union,Orlando City,BTTS,0.713,,0.713,,hit,4-2,6,2026-09-27,2026-09-26
2026-09-27,2026-09-27 01:30,USA,USA:MLS,MLS,Seattle Sounders,Minnesota United,BTTS,0.705,,0.705,,hit,3-1,4,2026-09-27,2026-09-26
2026-09-27,2026-09-27 03:30,USA,USA:MLS,MLS,San Jose Earthquakes,Portland Timbers,BTTS,0.676,,0.676,,hit,3-1,4,2026-09-27,2026-09-26
2026-09-27,2026-09-27 00:30,USA,USA:MLS,MLS,CF Montreal,FC Cincinnati,BTTS,0.668,,0.668,,hit,3-1,4,2026-09-27,2026-09-26
2026-09-26,2026-09-26 15:00,England,EC,National League,Solihull,Boreham Wood,BTTS,0.660,,0.660,,miss,0-3,3,2026-09-28,2026-09-26
2026-09-27,2026-09-27 00:30,USA,USA:MLS,MLS,Charlotte,Chicago Fire,BTTS,0.658,,0.658,,miss,0-1,1,2026-09-27,2026-09-26
2026-09-26,2026-09-26 15:00,England,EC,National League,Boston Utd,Fylde,BTTS,0.646,,0.646,,miss,0-1,1,2026-09-28,2026-09-26
2026-09-26,2026-09-26 15:00,England,EC,National League,Aldershot,Tamworth,BTTS,0.633,,0.633,,hit,5-1,6,2026-09-28,2026-09-26
2026-09-27,2026-09-27 02:30,USA,USA:MLS,MLS,Real Salt Lake,New England Revolution,BTTS,0.623,,0.623,,miss,3-0,3,2026-09-27,2026-09-26
2026-09-27,2026-09-27 02:30,USA,USA:MLS,MLS,FC Dallas,Los Angeles FC,O25,0.602,,0.602,,miss,1-0,1,2026-09-27,2026-09-26
2026-09-27,2026-09-27 04:30,USA,USA:MLS,MLS,Vancouver Whitecaps,DC United,O25,0.601,,0.601,,hit,3-3,6,2026-09-27,2026-09-26
2026-09-27,2026-09-27 01:30,USA,USA:MLS,MLS,New York Red Bulls,St. Louis City,BTTS,0.629,,0.629,,miss,0-3,3,2026-10-01,2026-09-26
2026-09-27,2026-09-27 02:30,USA,USA:MLS,MLS,FC Dallas,Los Angeles FC,BTTS,0.625,,0.625,,miss,1-0,1,2026-09-27,2026-09-26
2026-09-26,2026-09-26 16:00,England,EC,National League,Worthing,Halifax,BTTS,0.599,,0.616,,hit,2-1,3,2026-09-28,2026-09-26
2026-09-27,2026-09-27 02:30,USA,USA:MLS,MLS,Nashville SC,Toronto FC,BTTS,0.604,,0.604,,miss,2-0,2,2026-09-27,2026-09-26
2026-09-27,2026-09-27 02:30,USA,USA:MLS,MLS,Austin FC,San Diego FC,BTTS,0.604,,0.604,,hit,3-3,6,2026-09-27,2026-09-26
2026-09-28,2026-09-28 01:00,USA,USA:MLS,MLS,Columbus Crew,Inter Miami,O15,0.855,,0.855,,hit,2-1,3,2026-09-28,2026-09-27
2026-09-28,2026-09-28 01:00,USA,USA:MLS,MLS,Columbus Crew,Inter Miami,O25,0.655,,0.655,,hit,2-1,3,2026-09-28,2026-09-27
2026-09-28,2026-09-28 01:00,USA,USA:MLS,MLS,Columbus Crew,Inter Miami,BTTS,0.668,,0.668,,hit,2-1,3,2026-09-28,2026-09-27
2026-09-27,2026-09-27 13:30,Norway,LS:norway/3-division-group-5,3. Division: Group 5,Fauske/Sprint,Tromsoe 2,O15,0.950,,0.950,,hit,0-3,3,2026-09-27,2026-09-27
2026-09-27,2026-09-27 12:00,Norway,LS:norway/3-division-group-5,3. Division: Group 5,Bossekop,Skjetten,O15,0.939,,0.939,,hit,0-3,3,2026-09-27,2026-09-27
2026-09-27,2026-09-27 14:30,Norway,LS:norway/3-division-group-5,3. Division: Group 5,Kongsvinger 2,Harstad,O15,0.934,,0.934,,hit,2-1,3,2026-09-27,2026-09-27
2026-09-27,2026-09-27 12:00,Norway,LS:norway/3-division-group-5,3. Division: Group 5,Alta,Lillestroem 2,O15,0.932,,0.932,,hit,8-3,11,2026-09-27,2026-09-27
2026-09-27,2026-09-27 15:00,Norway,LS:norway/3-division-group-5,3. Division: Group 5,Stroemsgodset 2,Floeya,O15,0.925,,0.925,,hit,2-4,6,2026-09-27,2026-09-27
2026-09-27,2026-09-27 20:00,Mexico,LS:mexico/womens-liga-mx-apertura,Women's Liga MX: Apertura,Puebla W,Monterrey W,O15,0.919,,0.919,,hit,1-2,3,2026-09-27,2026-09-27
2026-09-27,2026-09-27 14:00,Germany,LS:germany/oberliga-flens,Oberliga: Flens,Kaltenkirchener TS,Oldenburger SV,O15,0.918,,0.918,,hit,1-5,6,2026-09-27,2026-09-27
2026-09-27,2026-09-27 11:00,Germany,LS:germany/oberliga-bremen,Oberliga: Bremen,Geestemuende,Brinkumer SV,O15,0.917,,0.917,,hit,3-3,6,2026-09-27,2026-09-27
2026-09-27,2026-09-27 15:00,Germany,LS:germany/oberliga-bremen,Oberliga: Bremen,Vatan Sport Bremen,FC Union 60,O15,0.912,,0.912,,hit,0-3,3,2026-09-27,2026-09-27
2026-09-27,2026-09-27 14:00,Germany,LS:germany/oberliga-flens,Oberliga: Flens,VfR Neumunster,Holstein Kiel II,O15,0.908,,0.908,,hit,3-3,6,2026-09-27,2026-09-27
2026-09-27,2026-09-27 14:00,Germany,LS:germany/oberliga-hamburg,Oberliga: Hamburg,TSV Buchholz,Eintracht Norderstedt II,O15,0.904,,0.904,,miss,1-0,1,2026-09-27,2026-09-27
2026-09-28,2026-09-28 02:06,Mexico,LS:mexico/womens-liga-mx-apertura,Women's Liga MX: Apertura,Tigres W,Atletico de San Luis W,O15,0.901,,0.901,,hit,1-1,2,2026-09-28,2026-09-27
2026-09-27,2026-09-27 14:00,Germany,LS:germany/oberliga-flens,Oberliga: Flens,TSB Flensburg,Nordmark Satrup,O15,0.898,,0.898,,hit,4-0,4,2026-09-27,2026-09-27
2026-09-27,2026-09-27 16:00,Norway,LS:norway/3-divisjon-avd-4,3. Division: Group 4,Stabaek 2,Flekkeroey,O15,0.897,,0.897,,hit,1-2,3,2026-09-27,2026-09-27
2026-09-27,2026-09-27 15:00,Germany,LS:germany/oberliga-hamburg,Oberliga: Hamburg,TSV Concordia,Uhlenhorster SC Paloma,O15,0.896,,0.896,,hit,2-3,5,2026-09-27,2026-09-27
2026-09-27,2026-09-27 13:30,Norway,LS:norway/3-division-group-5,3. Division: Group 5,Fauske/Sprint,Tromsoe 2,O25,0.847,,0.847,,hit,0-3,3,2026-09-27,2026-09-27
2026-09-27,2026-09-27 12:00,Norway,LS:norway/3-division-group-5,3. Division: Group 5,Bossekop,Skjetten,O25,0.819,,0.819,,hit,0-3,3,2026-09-27,2026-09-27
2026-09-27,2026-09-27 14:30,Norway,LS:norway/3-division-group-5,3. Division: Group 5,Kongsvinger 2,Harstad,O25,0.808,,0.808,,hit,2-1,3,2026-09-27,2026-09-27
2026-09-27,2026-09-27 12:00,Norway,LS:norway/3-division-group-5,3. Division: Group 5,Alta,Lillestroem 2,O25,0.804,,0.804,,hit,8-3,11,2026-09-27,2026-09-27
2026-09-27,2026-09-27 15:00,Norway,LS:norway/3-division-group-5,3. Division: Group 5,Stroemsgodset 2,Floeya,O25,0.789,,0.789,,hit,2-4,6,2026-09-27,2026-09-27
2026-09-27,2026-09-27 20:00,Mexico,LS:mexico/womens-liga-mx-apertura,Women's Liga MX: Apertura,Puebla W,Monterrey W,O25,0.776,,0.776,,hit,1-2,3,2026-09-27,2026-09-27
2026-09-27,2026-09-27 14:00,Germany,LS:germany/oberliga-flens,Oberliga: Flens,Kaltenkirchener TS,Oldenburger SV,O25,0.774,,0.774,,hit,1-5,6,2026-09-27,2026-09-27
2026-09-27,2026-09-27 11:00,Germany,LS:germany/oberliga-bremen,Oberliga: Bremen,Geestemuende,Brinkumer SV,O25,0.773,,0.773,,hit,3-3,6,2026-09-27,2026-09-27
2026-09-27,2026-09-27 15:00,Germany,LS:germany/oberliga-bremen,Oberliga: Bremen,Vatan Sport Bremen,FC Union 60,O25,0.762,,0.762,,hit,0-3,3,2026-09-27,2026-09-27
2026-09-27,2026-09-27 14:00,Germany,LS:germany/oberliga-flens,Oberliga: Flens,VfR Neumunster,Holstein Kiel II,O25,0.754,,0.754,,hit,3-3,6,2026-09-27,2026-09-27
2026-09-27,2026-09-27 14:00,Germany,LS:germany/oberliga-hamburg,Oberliga: Hamburg,TSV Buchholz,Eintracht Norderstedt II,O25,0.746,,0.746,,miss,1-0,1,2026-09-27,2026-09-27
2026-09-28,2026-09-28 02:06,Mexico,LS:mexico/womens-liga-mx-apertura,Women's Liga MX: Apertura,Tigres W,Atletico de San Luis W,O25,0.739,,0.739,,miss,1-1,2,2026-09-28,2026-09-27
2026-09-27,2026-09-27 14:00,Germany,LS:germany/oberliga-flens,Oberliga: Flens,TSB Flensburg,Nordmark Satrup,O25,0.735,,0.735,,hit,4-0,4,2026-09-27,2026-09-27
2026-09-27,2026-09-27 16:00,Norway,LS:norway/3-divisjon-avd-4,3. Division: Group 4,Stabaek 2,Flekkeroey,O25,0.732,,0.732,,hit,1-2,3,2026-09-27,2026-09-27
2026-09-27,2026-09-27 15:00,Germany,LS:germany/oberliga-hamburg,Oberliga: Hamburg,TSV Concordia,Uhlenhorster SC Paloma,O25,0.731,,0.731,,hit,2-3,5,2026-09-27,2026-09-27
2026-09-27,2026-09-27 13:30,Norway,LS:norway/3-division-group-5,3. Division: Group 5,Fauske/Sprint,Tromsoe 2,BTTS,0.809,,0.809,,miss,0-3,3,2026-09-27,2026-09-27
2026-09-27,2026-09-27 12:00,Norway,LS:norway/3-division-group-5,3. Division: Group 5,Bossekop,Skjetten,BTTS,0.794,,0.794,,miss,0-3,3,2026-09-27,2026-09-27
2026-09-27,2026-09-27 14:30,Norway,LS:norway/3-division-group-5,3. Division: Group 5,Kongsvinger 2,Harstad,BTTS,0.788,,0.788,,hit,2-1,3,2026-09-27,2026-09-27
2026-09-27,2026-09-27 15:00,Norway,LS:norway/3-division-group-5,3. Division: Group 5,Stroemsgodset 2,Floeya,BTTS,0.768,,0.768,,hit,2-4,6,2026-09-27,2026-09-27
2026-09-27,2026-09-27 14:00,Germany,LS:germany/oberliga-flens,Oberliga: Flens,Kaltenkirchener TS,Oldenburger SV,BTTS,0.761,,0.761,,hit,1-5,6,2026-09-27,2026-09-27
2026-09-27,2026-09-27 12:00,Norway,LS:norway/3-division-group-5,3. Division: Group 5,Alta,Lillestroem 2,BTTS,0.760,,0.760,,hit,8-3,11,2026-09-27,2026-09-27
2026-09-27,2026-09-27 20:00,Mexico,LS:mexico/womens-liga-mx-apertura,Women's Liga MX: Apertura,Puebla W,Monterrey W,BTTS,0.759,,0.759,,hit,1-2,3,2026-09-27,2026-09-27
2026-09-27,2026-09-27 11:00,Germany,LS:germany/oberliga-bremen,Oberliga: Bremen,Geestemuende,Brinkumer SV,BTTS,0.755,,0.755,,hit,3-3,6,2026-09-27,2026-09-27
2026-09-27,2026-09-27 15:00,Germany,LS:germany/oberliga-bremen,Oberliga: Bremen,Vatan Sport Bremen,FC Union 60,BTTS,0.751,,0.751,,miss,0-3,3,2026-09-27,2026-09-27
2026-09-27,2026-09-27 14:00,Germany,LS:germany/oberliga-flens,Oberliga: Flens,VfR Neumunster,Holstein Kiel II,BTTS,0.744,,0.744,,hit,3-3,6,2026-09-27,2026-09-27
2026-09-27,2026-09-27 14:00,Germany,LS:germany/oberliga-hamburg,Oberliga: Hamburg,TSV Buchholz,Eintracht Norderstedt II,BTTS,0.735,,0.735,,miss,1-0,1,2026-09-27,2026-09-27
2026-09-27,2026-09-27 14:30,Netherlands,LS:holland/eerste-divisie,Eerste Divisie,De Graafschap,FC Den Bosch,BTTS,0.723,,0.723,,miss,1-0,1,2026-09-27,2026-09-27
2026-09-27,2026-09-27 16:00,Norway,LS:norway/3-divisjon-avd-4,3. Division: Group 4,Stabaek 2,Flekkeroey,BTTS,0.723,,0.723,,hit,1-2,3,2026-09-27,2026-09-27
2026-09-27,2026-09-27 14:00,Germany,LS:germany/oberliga-flens,Oberliga: Flens,TSB Flensburg,Nordmark Satrup,BTTS,0.723,,0.723,,miss,4-0,4,2026-09-27,2026-09-27
2026-09-27,2026-09-27 15:00,Germany,LS:germany/oberliga-hamburg,Oberliga: Hamburg,TSV Concordia,Uhlenhorster SC Paloma,BTTS,0.722,,0.722,,hit,2-3,5,2026-09-27,2026-09-27
2026-09-27,2026-09-27 14:30,Netherlands,LS:holland/eerste-divisie,Eerste Divisie,De Graafschap,FC Den Bosch,O15,0.895,,0.895,,miss,1-0,1,2026-09-27,2026-09-27
2026-09-27,2026-09-27 14:30,Netherlands,LS:holland/eerste-divisie,Eerste Divisie,De Graafschap,FC Den Bosch,O25,0.728,,0.728,,miss,1-0,1,2026-09-27,2026-09-27
2026-09-27,2026-09-27 13:30,Germany,LS:germany/oberliga-bremen,Oberliga: Bremen,TV Eiche Horn Bremen,TuS Schwachhausen,BTTS,0.713,,0.713,,hit,1-1,2,2026-09-27,2026-09-27
2026-09-27,2026-09-27 13:30,Germany,LS:germany/oberliga-bremen,Oberliga: Bremen,TV Eiche Horn Bremen,TuS Schwachhausen,O15,0.888,,0.888,,hit,1-1,2,2026-09-27,2026-09-27
2026-09-27,2026-09-27 13:00,Denmark,LS:denmark/a-liga-women,A-Liga Women,Midtjylland W,FC Copenhagen W,O15,0.886,,0.886,,hit,2-0,2,2026-09-27,2026-09-27
2026-09-27,2026-09-27 13:30,Germany,LS:germany/oberliga-bremen,Oberliga: Bremen,TV Eiche Horn Bremen,TuS Schwachhausen,O25,0.714,,0.714,,miss,1-1,2,2026-09-27,2026-09-27
2026-09-27,2026-09-27 13:00,Denmark,LS:denmark/a-liga-women,A-Liga Women,Midtjylland W,FC Copenhagen W,O25,0.712,,0.712,,miss,2-0,2,2026-09-27,2026-09-27
2026-09-27,2026-09-27 15:00,Germany,LS:germany/oberliga-westfalen,Oberliga: Westfalen,TSG Sprockhoevel,Eintracht Rheine,BTTS,0.710,,0.710,,miss,1-0,1,2026-09-27,2026-09-27
2026-09-27,2026-09-27 12:30,Norway,LS:norway/1-division-women,Women's 1. Division,Fyllingsdalen W,Grei Kvinner Elite W,BTTS,0.708,,0.708,,miss,0-1,1,2026-09-27,2026-09-27
2026-09-28,2026-09-28 02:06,Mexico,LS:mexico/womens-liga-mx-apertura,Women's Liga MX: Apertura,Tigres W,Atletico de San Luis W,BTTS,0.708,,0.708,,hit,1-1,2,2026-09-28,2026-09-27
2026-09-27,2026-09-27 15:00,Germany,LS:germany/oberliga-westfalen,Oberliga: Westfalen,TSG Sprockhoevel,Eintracht Rheine,O15,0.886,,0.886,,miss,1-0,1,2026-09-27,2026-09-27
2026-09-27,2026-09-27 15:00,Germany,LS:germany/oberliga-westfalen,Oberliga: Westfalen,TSG Sprockhoevel,Eintracht Rheine,O25,0.710,,0.710,,miss,1-0,1,2026-09-27,2026-09-27
2026-09-27,2026-09-27 14:00,Germany,LS:germany/oberliga-niedersachsen,Oberliga: Niedersachsen,Eintracht Braunschweig U23,Eintracht Nordhorn,O15,0.884,,0.884,,hit,3-3,6,2026-09-27,2026-09-27
2026-09-27,2026-09-27 15:00,Germany,LS:germany/oberliga-hessen,Oberliga: Hessen,CSC 03 Kassel,Hanauer SC 1960,O15,0.882,,0.882,,miss,0-0,0,2026-09-27,2026-09-27
2026-09-27,2026-09-27 14:00,Germany,LS:germany/oberliga-niedersachsen,Oberliga: Niedersachsen,Eintracht Braunschweig U23,Eintracht Nordhorn,O25,0.707,,0.707,,hit,3-3,6,2026-09-27,2026-09-27
2026-09-27,2026-09-27 15:00,Germany,LS:germany/oberliga-hessen,Oberliga: Hessen,CSC 03 Kassel,Hanauer SC 1960,O25,0.703,,0.703,,miss,0-0,0,2026-09-27,2026-09-27
2026-09-27,2026-09-27 15:00,Germany,LS:germany/oberliga-hessen,Oberliga: Hessen,CSC 03 Kassel,Hanauer SC 1960,BTTS,0.703,,0.703,,miss,0-0,0,2026-09-27,2026-09-27
2026-09-27,2026-09-27 21:00,Bolivia,LS:bolivia/nacional-b-2nd-stage-group-c,Nacional B: 2nd Stage: Group C,Wilstermann Cooperativa,CD Mineros Potosi,BTTS,0.702,,0.702,,hit,2-1,3,2026-09-27,2026-09-27
2026-09-27,2026-09-27 15:00,Germany,LS:germany/regionalliga-nord,Regionalliga Nord,Bremer SV,SC Weiche Flensburg,O15,0.880,,0.880,,hit,0-3,3,2026-09-27,2026-09-27
2026-09-27,2026-09-27 21:00,Bolivia,LS:bolivia/nacional-b-2nd-stage-group-c,Nacional B: 2nd Stage: Group C,Wilstermann Cooperativa,CD Mineros Potosi,O15,0.880,,0.880,,hit,2-1,3,2026-09-27,2026-09-27
2026-09-27,2026-09-27 15:00,Germany,LS:germany/oberliga-niederrhein,Oberliga: Niederrhein,Sportfreunde Baumberg,Ratinger SV,O15,0.878,,0.878,,hit,1-2,3,2026-09-27,2026-09-27
2026-09-27,2026-09-27 15:30,Germany,LS:germany/oberliga-niederrhein,Oberliga: Niederrhein,DJK Teutonia St. Toenis,FC Buederich,O15,0.877,,0.877,,hit,4-0,4,2026-09-27,2026-09-27
2026-09-27,2026-09-27 15:00,Germany,LS:germany/oberliga-niederrhein,Oberliga: Niederrhein,SW Essen,Viktoria Juechen-Garzweiler,O15,0.876,,0.876,,hit,1-3,4,2026-09-27,2026-09-27
2026-09-27,2026-09-27 15:00,Germany,LS:germany/regionalliga-nord,Regionalliga Nord,Bremer SV,SC Weiche Flensburg,O25,0.699,,0.699,,hit,0-3,3,2026-09-27,2026-09-27
2026-09-27,2026-09-27 21:00,Bolivia,LS:bolivia/nacional-b-2nd-stage-group-c,Nacional B: 2nd Stage: Group C,Wilstermann Cooperativa,CD Mineros Potosi,O25,0.699,,0.699,,hit,2-1,3,2026-09-27,2026-09-27
2026-09-27,2026-09-27 15:00,Germany,LS:germany/oberliga-niederrhein,Oberliga: Niederrhein,Sportfreunde Baumberg,Ratinger SV,O25,0.695,,0.695,,hit,1-2,3,2026-09-27,2026-09-27
2026-09-27,2026-09-27 15:30,Germany,LS:germany/oberliga-niederrhein,Oberliga: Niederrhein,DJK Teutonia St. Toenis,FC Buederich,O25,0.694,,0.694,,hit,4-0,4,2026-09-27,2026-09-27
2026-09-27,2026-09-27 15:00,Germany,LS:germany/oberliga-niederrhein,Oberliga: Niederrhein,SW Essen,Viktoria Juechen-Garzweiler,O25,0.693,,0.693,,hit,1-3,4,2026-09-27,2026-09-27
2026-09-27,2026-09-27 15:00,Germany,LS:germany/regionalliga-nord,Regionalliga Nord,Bremer SV,SC Weiche Flensburg,BTTS,0.700,,0.700,,miss,0-3,3,2026-09-27,2026-09-27
2026-09-27,2026-09-27 15:00,Germany,LS:germany/oberliga-niederrhein,Oberliga: Niederrhein,SW Essen,Viktoria Juechen-Garzweiler,BTTS,0.698,,0.698,,hit,1-3,4,2026-09-27,2026-09-27
2026-09-27,2026-09-27 15:00,Germany,LS:germany/oberliga-hamburg,Oberliga: Hamburg,ETSV Hamburg,Tesla Hamburg,BTTS,0.697,,0.697,,hit,2-1,3,2026-09-27,2026-09-27
2026-09-27,2026-09-27 15:00,Germany,LS:germany/oberliga-niederrhein,Oberliga: Niederrhein,Sportfreunde Baumberg,Ratinger SV,BTTS,0.696,,0.696,,hit,1-2,3,2026-09-27,2026-09-27
2026-09-27,2026-09-27 15:00,Germany,LS:germany/oberliga-hamburg,Oberliga: Hamburg,ETSV Hamburg,Tesla Hamburg,O15,0.876,,0.876,,hit,2-1,3,2026-09-27,2026-09-27
2026-09-27,2026-09-27 15:00,Germany,LS:germany/oberliga-westfalen,Oberliga: Westfalen,SpVgg Vreden,Lippstadt,O15,0.873,,0.873,,hit,2-0,2,2026-09-27,2026-09-27
2026-09-27,2026-09-27 15:00,Germany,LS:germany/oberliga-hamburg,Oberliga: Hamburg,ETSV Hamburg,Tesla Hamburg,O25,0.692,,0.692,,hit,2-1,3,2026-09-27,2026-09-27
2026-09-27,2026-09-27 21:00,Bolivia,LS:bolivia/nacional-b-2nd-stage-group-b,Nacional B: 2nd Stage: Group B,Chaco FC,Ingenieros,O25,0.688,,0.688,,hit,6-1,7,2026-09-28,2026-09-27
2026-09-27,2026-09-27 15:30,Germany,LS:germany/oberliga-niederrhein,Oberliga: Niederrhein,DJK Teutonia St. Toenis,FC Buederich,BTTS,0.695,,0.695,,miss,4-0,4,2026-09-27,2026-09-27
2026-09-27,2026-09-27 15:00,Germany,LS:germany/oberliga-westfalen,Oberliga: Westfalen,SpVgg Vreden,Lippstadt,BTTS,0.691,,0.691,,miss,2-0,2,2026-09-27,2026-09-27
2026-09-27,2026-09-27 21:00,Bolivia,LS:bolivia/nacional-b-2nd-stage-group-b,Nacional B: 2nd Stage: Group B,Chaco FC,Ingenieros,O15,0.873,,0.873,,hit,6-1,7,2026-09-28,2026-09-27
2026-09-27,2026-09-27 17:30,Norway,LS:norway/2-divisjon-group-2,2. Division: Group 2,Hoenefoss,Tromsdalen,O15,0.870,,0.870,,hit,2-1,3,2026-09-27,2026-09-27
2026-09-27,2026-09-27 21:00,Bolivia,LS:bolivia/nacional-b-2nd-stage-group-c,Nacional B: 2nd Stage: Group C,Atletico Independiente CBBA,Atletico Juniors,O15,0.870,,0.870,,hit,4-0,4,2026-09-27,2026-09-27
2026-09-27,2026-09-27 15:30,Germany,LS:germany/oberliga-hessen,Oberliga: Hessen,RW Walldorf,VfB Marburg,O15,0.865,,0.865,,miss,1-0,1,2026-09-27,2026-09-27
2026-09-27,2026-09-27 16:45,Netherlands,LS:holland/womens-eredivisie,Women's Eredivisie,SC Heerenveen W,FC Utrecht W,O15,0.859,,0.859,,hit,2-0,2,2026-09-27,2026-09-27
2026-09-27,2026-09-27 21:00,Bolivia,LS:bolivia/nacional-b-2nd-stage-group-b,Nacional B: 2nd Stage: Group B,Hiska Nacional,26 de Febrero Colquiri,O15,0.857,,0.857,,hit,0-2,2,2026-09-27,2026-09-27
2026-09-27,2026-09-27 20:00,Canada,LS:canada/premier-league,Premier League,Inter Toronto,Pacific FC,O15,0.851,,0.851,,hit,3-4,7,2026-09-27,2026-09-27
2026-09-27,2026-09-27 16:00,Sweden,LS:sweden/2-division-soedra-goetaland,Division 2: Soedra Goetaland,Oesterlen FF,Lilla Torg FF,O15,0.848,,0.848,,hit,3-3,6,2026-09-27,2026-09-27
2026-09-27,2026-09-27 16:00,Sweden,LS:sweden/2-division-soedra-svealand,Division 2: Soedra Svealand,IK Sleipner,FOC Farsta,O15,0.845,,0.845,,miss,0-0,0,2026-09-27,2026-09-27
2026-09-27,2026-09-27 17:30,Norway,LS:norway/2-divisjon-group-2,2. Division: Group 2,Hoenefoss,Tromsdalen,O25,0.682,,0.682,,hit,2-1,3,2026-09-27,2026-09-27
2026-09-27,2026-09-27 21:00,Bolivia,LS:bolivia/nacional-b-2nd-stage-group-c,Nacional B: 2nd Stage: Group C,Atletico Independiente CBBA,Atletico Juniors,O25,0.681,,0.681,,hit,4-0,4,2026-09-27,2026-09-27
2026-09-27,2026-09-27 15:30,Germany,LS:germany/oberliga-hessen,Oberliga: Hessen,RW Walldorf,VfB Marburg,O25,0.673,,0.673,,miss,1-0,1,2026-09-27,2026-09-27
2026-09-27,2026-09-27 16:45,Netherlands,LS:holland/womens-eredivisie,Women's Eredivisie,SC Heerenveen W,FC Utrecht W,O25,0.661,,0.661,,miss,2-0,2,2026-09-27,2026-09-27
2026-09-27,2026-09-27 21:00,Bolivia,LS:bolivia/nacional-b-2nd-stage-group-b,Nacional B: 2nd Stage: Group B,Hiska Nacional,26 de Febrero Colquiri,O25,0.659,,0.659,,miss,0-2,2,2026-09-27,2026-09-27
2026-09-27,2026-09-27 20:00,Canada,LS:canada/premier-league,Premier League,Inter Toronto,Pacific FC,O25,0.648,,0.648,,hit,3-4,7,2026-09-27,2026-09-27
2026-09-27,2026-09-27 16:00,Sweden,LS:sweden/2-division-soedra-goetaland,Division 2: Soedra Goetaland,Oesterlen FF,Lilla Torg FF,O25,0.643,,0.643,,hit,3-3,6,2026-09-27,2026-09-27
2026-09-27,2026-09-27 16:00,Sweden,LS:sweden/2-division-soedra-svealand,Division 2: Soedra Svealand,IK Sleipner,FOC Farsta,O25,0.639,,0.639,,miss,0-0,0,2026-09-27,2026-09-27
2026-09-27,2026-09-27 15:30,Germany,LS:germany/oberliga-hessen,Oberliga: Hessen,RW Walldorf,VfB Marburg,BTTS,0.682,,0.682,,miss,1-0,1,2026-09-27,2026-09-27
2026-09-27,2026-09-27 21:00,Bolivia,LS:bolivia/nacional-b-2nd-stage-group-c,Nacional B: 2nd Stage: Group C,Atletico Independiente CBBA,Atletico Juniors,BTTS,0.677,,0.677,,miss,4-0,4,2026-09-27,2026-09-27
2026-09-27,2026-09-27 17:30,Norway,LS:norway/2-divisjon-group-2,2. Division: Group 2,Hoenefoss,Tromsdalen,BTTS,0.676,,0.676,,hit,2-1,3,2026-09-27,2026-09-27
2026-09-27,2026-09-27 21:00,Bolivia,LS:bolivia/nacional-b-2nd-stage-group-b,Nacional B: 2nd Stage: Group B,Chaco FC,Ingenieros,BTTS,0.673,,0.673,,hit,6-1,7,2026-09-28,2026-09-27
2026-09-27,2026-09-27 16:45,Netherlands,LS:holland/womens-eredivisie,Women's Eredivisie,SC Heerenveen W,FC Utrecht W,BTTS,0.672,,0.672,,miss,2-0,2,2026-09-27,2026-09-27
2026-09-27,2026-09-27 21:00,Bolivia,LS:bolivia/nacional-b-2nd-stage-group-b,Nacional B: 2nd Stage: Group B,Hiska Nacional,26 de Febrero Colquiri,BTTS,0.662,,0.662,,miss,0-2,2,2026-09-27,2026-09-27
2026-09-27,2026-09-27 20:00,Canada,LS:canada/premier-league,Premier League,Inter Toronto,Pacific FC,BTTS,0.656,,0.656,,hit,3-4,7,2026-09-27,2026-09-27
2026-09-27,2026-09-27 16:00,Sweden,LS:sweden/1st-division-north,Division 1: North,Assyriska FF,Piteaa,BTTS,0.650,,0.650,,hit,1-2,3,2026-09-27,2026-09-27
2026-09-27,2026-09-27 16:00,Sweden,LS:sweden/2-division-soedra-svealand,Division 2: Soedra Svealand,IK Sleipner,FOC Farsta,BTTS,0.650,,0.650,,miss,0-0,0,2026-09-27,2026-09-27
2026-09-27,2026-09-27 16:00,Norway,LS:norway/2-divisjon-group-2,2. Division: Group 2,Levanger,Grorud,O15,0.845,,0.845,,hit,0-2,2,2026-09-27,2026-09-27
2026-09-27,2026-09-27 16:00,Sweden,LS:sweden/1st-division-north,Division 1: North,Assyriska FF,Piteaa,O15,0.842,,0.842,,hit,1-2,3,2026-09-27,2026-09-27
2026-09-27,2026-09-27 16:00,Norway,LS:norway/2-divisjon-group-2,2. Division: Group 2,Levanger,Grorud,O25,0.638,,0.638,,miss,0-2,2,2026-09-27,2026-09-27
2026-09-27,2026-09-27 16:00,Sweden,LS:sweden/1st-division-north,Division 1: North,Assyriska FF,Piteaa,O25,0.633,,0.633,,hit,1-2,3,2026-09-27,2026-09-27
2026-09-27,2026-09-27 16:00,Sweden,LS:sweden/2-division-soedra-goetaland,Division 2: Soedra Goetaland,Oesterlen FF,Lilla Torg FF,BTTS,0.649,,0.649,,hit,3-3,6,2026-09-27,2026-09-27
2026-09-27,2026-09-27 16:00,Norway,LS:norway/2-divisjon-group-2,2. Division: Group 2,Levanger,Grorud,BTTS,0.644,,0.644,,miss,0-2,2,2026-09-27,2026-09-27
2026-09-28,2026-09-28 01:00,USA,LS:usa/national-womens-soccer-league,National Women's Soccer League,Utah Royals,North Carolina Courage,O25,0.609,,0.609,,hit,2-1,3,2026-09-28,2026-09-27
2026-09-28,2026-09-28 01:00,USA,LS:usa/national-womens-soccer-league,National Women's Soccer League,Utah Royals,North Carolina Courage,BTTS,0.633,,0.633,,hit,2-1,3,2026-09-28,2026-09-27
2026-09-28,2026-09-28 01:00,USA,LS:usa/usl-league-one,USL League One,One Knoxville SC,Westchester SC,BTTS,0.602,,0.602,,miss,0-0,0,2026-09-28,2026-09-27
2026-09-27,2026-09-27 22:00,USA,LS:usa/usl-league-one,USL League One,New York Cosmos,Richmond Kickers,BTTS,0.601,,0.601,,hit,3-2,5,2026-09-28,2026-09-27
2026-09-28,2026-09-28 18:00,Norway,LS:norway/3-divisjon-group-6,3. Division: Group 6,Raelingen,Lyn 2,O15,0.924,,0.924,,miss,1-0,1,2026-09-28,2026-09-27
2026-09-28,2026-09-28 18:00,Israel,LS:israel/liga-leumit,Liga Leumit,Hapoel Kfar Shalem,Maccabi Kabilio Jaffa,O15,0.847,,0.847,,hit,3-1,4,2026-09-28,2026-09-27
2026-09-28,2026-09-28 18:00,Israel,LS:israel/liga-leumit,Liga Leumit,Hapoel Kfar Saba,Bnei Yehuda Tel Aviv,O15,0.846,,0.846,,hit,1-2,3,2026-09-28,2026-09-27
2026-09-28,2026-09-28 18:00,Norway,LS:norway/3-divisjon-group-6,3. Division: Group 6,Raelingen,Lyn 2,O25,0.788,,0.788,,miss,1-0,1,2026-09-28,2026-09-27
2026-09-28,2026-09-28 18:00,Israel,LS:israel/liga-leumit,Liga Leumit,Hapoel Kfar Shalem,Maccabi Kabilio Jaffa,O25,0.641,,0.641,,hit,3-1,4,2026-09-28,2026-09-27
2026-09-28,2026-09-28 18:00,Israel,LS:israel/liga-leumit,Liga Leumit,Hapoel Kfar Saba,Bnei Yehuda Tel Aviv,O25,0.640,,0.640,,hit,1-2,3,2026-09-28,2026-09-27
2026-09-28,2026-09-28 18:00,Norway,LS:norway/3-divisjon-group-6,3. Division: Group 6,Raelingen,Lyn 2,BTTS,0.766,,0.766,,miss,1-0,1,2026-09-28,2026-09-27
2026-09-28,2026-09-28 18:00,Israel,LS:israel/liga-leumit,Liga Leumit,Hapoel Kfar Shalem,Maccabi Kabilio Jaffa,BTTS,0.655,,0.655,,hit,3-1,4,2026-09-28,2026-09-27
2026-09-28,2026-09-28 18:00,Israel,LS:israel/liga-leumit,Liga Leumit,Hapoel Kfar Saba,Bnei Yehuda Tel Aviv,BTTS,0.654,,0.654,,hit,1-2,3,2026-09-28,2026-09-27
2026-09-28,2026-09-28 18:00,Israel,LS:israel/liga-leumit,Liga Leumit,Maccabi Kiryat Gat,SC Kfar Kasem,BTTS,0.603,,0.603,,miss,0-1,1,2026-09-28,2026-09-27
2026-09-28,2026-09-28 19:00,Norway,LS:norway/3-divisjon-avd-4,3. Division: Group 4,Haugesund 2,Hinna FK,O15,0.920,,0.920,,hit,2-4,6,2026-09-28,2026-09-27
2026-09-28,2026-09-28 18:45,Israel,LS:israel/liga-leumit,Liga Leumit,Maccabi Bnei Reineh,Hapoel Raanana,O15,0.847,,0.847,,hit,1-2,3,2026-09-28,2026-09-27
2026-09-28,2026-09-28 19:00,Norway,LS:norway/3-divisjon-avd-4,3. Division: Group 4,Haugesund 2,Hinna FK,O25,0.778,,0.778,,hit,2-4,6,2026-09-28,2026-09-27
2026-09-28,2026-09-28 18:45,Israel,LS:israel/liga-leumit,Liga Leumit,Maccabi Bnei Reineh,Hapoel Raanana,O25,0.641,,0.641,,hit,1-2,3,2026-09-28,2026-09-27
2026-09-28,2026-09-28 19:00,Slovenia,LS:slovenia/2nd-snl,2. SNL,Rudar Velenje,Dravinja,O25,0.610,,0.610,,hit,3-1,4,2026-09-28,2026-09-27
2026-09-28,2026-09-28 19:00,Norway,LS:norway/3-divisjon-avd-4,3. Division: Group 4,Haugesund 2,Hinna FK,BTTS,0.760,,0.760,,hit,2-4,6,2026-09-28,2026-09-27
2026-09-28,2026-09-28 18:45,Israel,LS:israel/liga-leumit,Liga Leumit,Maccabi Bnei Reineh,Hapoel Raanana,BTTS,0.658,,0.658,,hit,1-2,3,2026-09-28,2026-09-27
2026-09-28,2026-09-28 23:45,Mexico,LS:mexico/womens-liga-mx-apertura,Women's Liga MX: Apertura,Atlante,Pumas W,O15,0.854,,0.854,,miss,0-0,0,2026-09-29,2026-09-28
2026-09-28,2026-09-28 23:45,Mexico,LS:mexico/womens-liga-mx-apertura,Women's Liga MX: Apertura,Atlante,Pumas W,O25,0.653,,0.653,,miss,0-0,0,2026-09-29,2026-09-28
2026-09-28,2026-09-28 23:45,Mexico,LS:mexico/womens-liga-mx-apertura,Women's Liga MX: Apertura,Atlante,Pumas W,BTTS,0.663,,0.663,,miss,0-0,0,2026-09-29,2026-09-28
2026-09-29,2026-09-29 01:00,Mexico,LS:mexico/womens-liga-mx-apertura,Women's Liga MX: Apertura,Club Leon W,CF America W,O15,0.891,,0.891,,hit,0-5,5,2026-09-29,2026-09-28
2026-09-29,2026-09-29 01:00,Mexico,LS:mexico/womens-liga-mx-apertura,Women's Liga MX: Apertura,Club Leon W,CF America W,O25,0.719,,0.719,,hit,0-5,5,2026-09-29,2026-09-28
2026-09-29,2026-09-29 01:00,Mexico,LS:mexico/womens-liga-mx-apertura,Women's Liga MX: Apertura,Club Leon W,CF America W,BTTS,0.718,,0.718,,miss,0-5,5,2026-09-29,2026-09-28
2026-09-29,2026-09-29 03:06,Mexico,LS:mexico/womens-liga-mx-apertura,Women's Liga MX: Apertura,Necaxa W,Toluca W,O15,0.891,,0.891,,hit,0-4,4,2026-09-29,2026-09-28
2026-09-29,2026-09-29 03:06,Mexico,LS:mexico/womens-liga-mx-apertura,Women's Liga MX: Apertura,Necaxa W,Toluca W,O25,0.720,,0.720,,hit,0-4,4,2026-09-29,2026-09-28
2026-09-29,2026-09-29 03:06,Mexico,LS:mexico/womens-liga-mx-apertura,Women's Liga MX: Apertura,Necaxa W,Toluca W,BTTS,0.719,,0.719,,miss,0-4,4,2026-09-29,2026-09-28
2026-09-29,2026-09-29 18:00,Denmark,LS:denmark/a-liga-women,A-Liga Women,OB Q W,AGF W,O25,0.602,,0.602,,miss,1-0,1,2026-09-29,2026-09-28
2026-09-29,2026-09-29 18:00,Denmark,LS:denmark/a-liga-women,A-Liga Women,OB Q W,AGF W,BTTS,0.623,,0.623,,miss,1-0,1,2026-09-29,2026-09-28
2026-09-29,2026-09-29 19:30,Germany,LS:germany/oberliga-flens,Oberliga: Flens,MTSV Hohenwestedt,Eckernfoerder SV,O15,0.906,,0.906,,hit,1-2,3,2026-09-29,2026-09-28
2026-09-29,2026-09-29 19:30,Germany,LS:germany/oberliga-flens,Oberliga: Flens,MTSV Hohenwestedt,Eckernfoerder SV,O25,0.750,,0.750,,hit,1-2,3,2026-09-29,2026-09-28
2026-09-29,2026-09-29 19:30,Germany,LS:germany/oberliga-flens,Oberliga: Flens,MTSV Hohenwestedt,Eckernfoerder SV,BTTS,0.741,,0.741,,hit,1-2,3,2026-09-29,2026-09-28
2026-09-29,2026-09-29 19:45,Germany,LS:germany/oberliga-hamburg,Oberliga: Hamburg,Teutonia Ottensen,TSV Buchholz,O15,0.897,,0.897,,hit,6-3,9,2026-09-29,2026-09-28
2026-09-29,2026-09-29 19:45,Germany,LS:germany/oberliga-hamburg,Oberliga: Hamburg,Teutonia Ottensen,TSV Buchholz,O25,0.731,,0.731,,hit,6-3,9,2026-09-29,2026-09-28
2026-09-29,2026-09-29 19:45,Germany,LS:germany/oberliga-hamburg,Oberliga: Hamburg,Teutonia Ottensen,TSV Buchholz,BTTS,0.711,,0.711,,hit,6-3,9,2026-09-29,2026-09-28
2026-09-29,2026-09-29 20:15,Norway,LS:norway/3-division-group-1,3. Division: Group 1,Union Carl Berner,KFUM 2,O15,0.931,,0.931,,hit,1-1,2,2026-09-29,2026-09-28
2026-09-29,2026-09-29 20:15,Norway,LS:norway/3-division-group-1,3. Division: Group 1,Union Carl Berner,KFUM 2,O25,0.802,,0.802,,miss,1-1,2,2026-09-29,2026-09-28
2026-09-29,2026-09-29 20:15,Norway,LS:norway/3-division-group-1,3. Division: Group 1,Union Carl Berner,KFUM 2,BTTS,0.738,,0.738,,hit,1-1,2,2026-09-29,2026-09-28
2026-09-29,2026-09-29 20:45,England,LS:england/isthmian-league-south-central-division,Isthmian League: South Central Division,Hendon,Ashford Town,O15,0.889,,0.889,,hit,1-1,2,2026-09-29,2026-09-28
2026-09-29,2026-09-29 20:45,England,LS:england/isthmian-league,Isthmian League Premier Division,Dartford,Whitehawk,O15,0.879,,0.879,,hit,2-1,3,2026-09-29,2026-09-28
2026-09-29,2026-09-29 20:45,England,LS:england/southern-league-central-division,Southern League: Central Divison,Didcot Town,Milton Keynes Irish,O15,0.869,,0.869,,hit,4-1,5,2026-09-29,2026-09-28
2026-09-29,2026-09-29 20:45,England,LS:england/northern-premier-league-west-division,Northern Premier League: West Division,Bootle,Nantwich Town,O15,0.866,,0.866,,hit,2-0,2,2026-09-29,2026-09-28
2026-09-29,2026-09-29 20:45,England,LS:england/southern-league-central-division,Southern League: Central Divison,Thame United,Beaconsfield Town,O15,0.863,,0.863,,hit,3-0,3,2026-09-29,2026-09-28
2026-09-29,2026-09-29 20:45,England,LS:england/southern-league-central-division,Southern League: Central Divison,Winslow United,Barton Rovers,O15,0.863,,0.863,,hit,2-1,3,2026-09-29,2026-09-28
2026-09-29,2026-09-29 20:45,England,LS:england/southern-premier-division-south,Southern League Premier: South,Hanworth Villa,Chichester City,O15,0.863,,0.863,,hit,2-1,3,2026-09-29,2026-09-28
2026-09-29,2026-09-29 20:45,England,LS:england/northern-premier-league-west-division,Northern Premier League: West Division,Kidsgrove Athletic,Lichfield City,O15,0.863,,0.863,,hit,2-0,2,2026-09-29,2026-09-28
2026-09-29,2026-09-29 20:45,England,LS:england/southern-league-central-division,Southern League: Central Divison,Welwyn Garden City,Royston Town,O15,0.861,,0.861,,hit,1-1,2,2026-09-29,2026-09-28
2026-09-29,2026-09-29 20:45,England,LS:england/isthmian-league,Isthmian League Premier Division,Maldon & Tiptree,Cray Wanderers,O15,0.861,,0.861,,hit,1-5,6,2026-09-29,2026-09-28
2026-09-29,2026-09-29 20:45,England,LS:england/isthmian-league-south-central-division,Isthmian League: South Central Division,Hendon,Ashford Town,O25,0.716,,0.716,,miss,1-1,2,2026-09-29,2026-09-28
2026-09-29,2026-09-29 20:45,England,LS:england/isthmian-league,Isthmian League Premier Division,Dartford,Whitehawk,O25,0.698,,0.698,,hit,2-1,3,2026-09-29,2026-09-28
2026-09-29,2026-09-29 20:45,England,LS:england/southern-league-central-division,Southern League: Central Divison,Didcot Town,Milton Keynes Irish,O25,0.682,,0.682,,hit,4-1,5,2026-09-29,2026-09-28
2026-09-29,2026-09-29 20:45,England,LS:england/northern-premier-league-west-division,Northern Premier League: West Division,Bootle,Nantwich Town,O25,0.676,,0.676,,miss,2-0,2,2026-09-29,2026-09-28
2026-09-29,2026-09-29 20:45,England,LS:england/southern-league-central-division,Southern League: Central Divison,Winslow United,Barton Rovers,O25,0.671,,0.671,,hit,2-1,3,2026-09-29,2026-09-28
2026-09-29,2026-09-29 20:45,England,LS:england/southern-league-central-division,Southern League: Central Divison,Thame United,Beaconsfield Town,O25,0.670,,0.670,,hit,3-0,3,2026-09-29,2026-09-28
2026-09-29,2026-09-29 20:45,England,LS:england/southern-premier-division-south,Southern League Premier: South,Hanworth Villa,Chichester City,O25,0.670,,0.670,,hit,2-1,3,2026-09-29,2026-09-28
2026-09-29,2026-09-29 20:45,England,LS:england/northern-premier-league-west-division,Northern Premier League: West Division,Kidsgrove Athletic,Lichfield City,O25,0.669,,0.669,,miss,2-0,2,2026-09-29,2026-09-28
2026-09-29,2026-09-29 20:45,England,LS:england/southern-league-central-division,Southern League: Central Divison,Welwyn Garden City,Royston Town,O25,0.668,,0.668,,miss,1-1,2,2026-09-29,2026-09-28
2026-09-29,2026-09-29 20:45,England,LS:england/isthmian-league,Isthmian League Premier Division,Maldon & Tiptree,Cray Wanderers,O25,0.665,,0.665,,hit,1-5,6,2026-09-29,2026-09-28
2026-09-29,2026-09-29 20:45,England,LS:england/isthmian-league-south-central-division,Isthmian League: South Central Division,Hendon,Ashford Town,BTTS,0.704,,0.704,,hit,1-1,2,2026-09-29,2026-09-28
2026-09-29,2026-09-29 20:45,England,LS:england/isthmian-league-south-central-division,Isthmian League: South Central Division,Egham Town FC,Jersey Bulls,BTTS,0.663,,0.663,,hit,3-3,6,2026-09-29,2026-09-28
2026-09-29,2026-09-29 20:45,England,LS:england/isthmian-league,Isthmian League Premier Division,Maldon & Tiptree,Cray Wanderers,BTTS,0.656,,0.656,,hit,1-5,6,2026-09-29,2026-09-28
2026-09-29,2026-09-29 20:45,England,LS:england/northern-premier-league-west-division,Northern Premier League: West Division,Mossley AFC,Witton Albion,BTTS,0.652,,0.652,,pending,,,,2026-09-28
2026-09-29,2026-09-29 20:45,England,LS:england/northern-premier-league-west-division,Northern Premier League: West Division,Chasetown,Hanley Town,BTTS,0.651,,0.651,,hit,2-4,6,2026-09-29,2026-09-28
2026-09-29,2026-09-29 20:45,England,LS:england/isthmian-league,Isthmian League Premier Division,Dulwich Hamlet,Aveley,BTTS,0.648,,0.648,,miss,2-0,2,2026-09-29,2026-09-28
2026-09-29,2026-09-29 20:45,England,LS:england/isthmian-league-north-division,Isthmian League: North Division,Brightlingsea Regent,AFC Sudbury,BTTS,0.647,,0.647,,hit,1-1,2,2026-09-29,2026-09-28
2026-09-29,2026-09-29 20:45,England,LS:england/isthmian-league-north-division,Isthmian League: North Division,Buckhurst Hill,Gorleston,BTTS,0.646,,0.646,,miss,0-2,2,2026-09-29,2026-09-28
2026-09-29,2026-09-29 20:45,England,LS:england/isthmian-league-south-east-division,Isthmian League: South East Division,Steyning Town,Faversham Town,BTTS,0.641,,0.641,,hit,3-2,5,2026-09-29,2026-09-28
2026-09-29,2026-09-29 20:45,England,LS:england/southern-league-central-division,Southern League: Central Divison,Leverstock Green,Ware,BTTS,0.639,,0.639,,miss,5-0,5,2026-09-29,2026-09-28
2026-09-29,2026-09-29 20:45,England,LS:england/southern-league-central-division,Southern League: Central Divison,Thame United,Beaconsfield Town,BTTS,0.640,,0.640,,miss,3-0,3,2026-09-29,2026-09-29
2026-09-29,2026-09-29 20:45,England,LS:england/northern-premier-league-west-division,Northern Premier League: West Division,Newcastle Town,Stafford Rangers,O15,0.855,,0.855,,hit,0-2,2,2026-09-29,2026-09-29
2026-09-29,2026-09-29 20:45,England,LS:england/northern-premier-league-west-division,Northern Premier League: West Division,Newcastle Town,Stafford Rangers,O25,0.656,,0.656,,miss,0-2,2,2026-09-29,2026-09-29
2026-09-29,2026-09-29 20:45,England,LS:england/national-league,National League,Yeovil Town,Worthing,BTTS,0.637,,0.637,,hit,1-1,2,2026-09-29,2026-09-29
2026-09-29,2026-09-29 20:45,England,LS:england/isthmian-league-south-east-division,Isthmian League: South East Division,Steyning Town,Faversham Town,O15,0.855,,0.855,,hit,3-2,5,2026-09-29,2026-09-29
2026-09-29,2026-09-29 20:45,England,LS:england/isthmian-league-south-east-division,Isthmian League: South East Division,Steyning Town,Faversham Town,O25,0.656,,0.656,,hit,3-2,5,2026-09-29,2026-09-29
2026-09-29,2026-09-29 20:45,England,EC,National League,Yeovil,Worthing,BTTS,0.645,,0.645,,hit,1-1,2,2026-09-29,2026-09-29
2026-09-30,2026-09-30 16:00,Norway,LS:norway/1-division-women,Women's 1. Division,Arna-Bjoernar W,Frigg W,O15,0.928,,0.928,,hit,5-0,5,2026-09-30,2026-09-29
2026-09-30,2026-09-30 16:00,Norway,LS:norway/1-division-women,Women's 1. Division,Bryne W,Kolbotn W,O15,0.871,,0.871,,miss,1-0,1,2026-09-30,2026-09-29
2026-09-30,2026-09-30 16:00,Norway,LS:norway/1-division-women,Women's 1. Division,Arna-Bjoernar W,Frigg W,O25,0.799,,0.799,,hit,5-0,5,2026-09-30,2026-09-29
2026-09-30,2026-09-30 16:00,Norway,LS:norway/1-division-women,Women's 1. Division,Bryne W,Kolbotn W,O25,0.684,,0.684,,miss,1-0,1,2026-09-30,2026-09-29
2026-09-30,2026-09-30 16:00,Norway,LS:norway/1-division-women,Women's 1. Division,Bryne W,Kolbotn W,BTTS,0.688,,0.688,,miss,1-0,1,2026-09-30,2026-09-29
2026-09-30,2026-09-30 19:00,Sweden,LS:sweden/2-division-norrland-relegation-group,2.Division Norrland: Relegation Group,Umeaa FC Akademi,IFK Umeaa,O15,0.914,,0.914,,hit,6-0,6,2026-09-30,2026-09-29
2026-09-30,2026-09-30 18:45,UEFA Women's Champions League,LS:uefa-women-s-champions-league/final-stage,Final Stage,BK Haecken W,Juventus W,O15,0.869,,0.869,,hit,0-3,3,2026-09-30,2026-09-29
2026-09-30,2026-09-30 19:00,Sweden,LS:sweden/2-division-norrland-relegation-group,2.Division Norrland: Relegation Group,Umeaa FC Akademi,IFK Umeaa,O25,0.767,,0.767,,hit,6-0,6,2026-09-30,2026-09-29
2026-09-30,2026-09-30 18:45,UEFA Women's Champions League,LS:uefa-women-s-champions-league/final-stage,Final Stage,BK Haecken W,Juventus W,O25,0.681,,0.681,,hit,0-3,3,2026-09-30,2026-09-29
2026-09-30,2026-09-30 20:00,Belgium,LS:belgium/national-division-1-vv,National Division 1 VV,KFC Merelbeke,Dessel,O15,0.877,,0.877,,hit,1-1,2,2026-09-30,2026-09-29
2026-09-30,2026-09-30 20:00,Belgium,LS:belgium/national-division-1-vv,National Division 1 VV,KVV Zelzate,Royal Knokke FC,O15,0.872,,0.872,,miss,0-0,0,2026-09-30,2026-09-29
2026-09-30,2026-09-30 20:00,Belgium,LS:belgium/national-division-1-vv,National Division 1 VV,Belisia Bilzen SV,KSK Heist,O15,0.871,,0.871,,hit,3-1,4,2026-09-30,2026-09-29
2026-09-30,2026-09-30 20:00,Belgium,LS:belgium/national-division-1-vv,National Division 1 VV,KFC Merelbeke,Dessel,O25,0.694,,0.694,,miss,1-1,2,2026-09-30,2026-09-29
2026-09-30,2026-09-30 20:00,Belgium,LS:belgium/national-division-1-vv,National Division 1 VV,KVV Zelzate,Royal Knokke FC,O25,0.685,,0.685,,miss,0-0,0,2026-09-30,2026-09-29
2026-09-30,2026-09-30 20:00,Belgium,LS:belgium/national-division-1-vv,National Division 1 VV,Belisia Bilzen SV,KSK Heist,O25,0.684,,0.684,,hit,3-1,4,2026-09-30,2026-09-29
2026-09-30,2026-09-30 20:00,Belgium,LS:belgium/national-division-1-vv,National Division 1 VV,KFC Merelbeke,Dessel,BTTS,0.671,,0.671,,hit,1-1,2,2026-09-30,2026-09-29
2026-09-30,2026-09-30 20:00,Belgium,LS:belgium/national-division-1-vv,National Division 1 VV,KVV Zelzate,Royal Knokke FC,BTTS,0.667,,0.667,,miss,0-0,0,2026-09-30,2026-09-29
2026-09-30,2026-09-30 20:00,Belgium,LS:belgium/national-division-1-vv,National Division 1 VV,Belisia Bilzen SV,KSK Heist,BTTS,0.654,,0.654,,hit,3-1,4,2026-09-30,2026-09-29
2026-09-30,2026-09-30 19:45,Germany,LS:germany/oberliga-westfalen,Oberliga: Westfalen,SC Verl II,FC Gievenbeck,BTTS,0.651,,0.651,,miss,6-0,6,2026-09-30,2026-09-29
2026-09-30,2026-09-30 20:00,England,LS:england/womens-league-cup,Women's League Cup,Crystal Palace W,Charlton Athletic W,O15,0.864,,0.864,,hit,3-0,3,2026-09-30,2026-09-29
2026-09-30,2026-09-30 20:00,England,LS:england/womens-league-cup,Women's League Cup,Crystal Palace W,Charlton Athletic W,O25,0.673,,0.673,,hit,3-0,3,2026-09-30,2026-09-29
2026-09-30,2026-09-30 20:45,England,LS:england/southern-league-central-division,Southern League: Central Divison,Aylesbury United,Waltham Abbey,O15,0.878,,0.878,,hit,2-3,5,2026-09-30,2026-09-29
2026-09-30,2026-09-30 18:45,UEFA Women's Champions League,LS:uefa-women-s-champions-league/final-stage,Final Stage,Roma W,Barcelona W,O15,0.855,,0.855,,hit,0-6,6,2026-09-30,2026-09-29
2026-09-30,2026-09-30 20:45,England,LS:england/isthmian-league,Isthmian League Premier Division,Whyteleafe,Brentwood Town,O15,0.852,,0.852,,hit,1-2,3,2026-09-30,2026-09-29
2026-09-30,2026-09-30 20:45,England,LS:england/southern-premier-division-south,Southern League Premier: South,Frome Town,Taunton Town,O15,0.850,,0.850,,hit,2-2,4,2026-09-30,2026-09-29
2026-09-30,2026-09-30 19:45,Germany,LS:germany/oberliga-westfalen,Oberliga: Westfalen,SC Verl II,FC Gievenbeck,O15,0.848,,0.848,,hit,6-0,6,2026-09-30,2026-09-29
2026-09-30,2026-09-30 20:00,Belgium,LS:belgium/national-division-1-vv,National Division 1 VV,Roeselare,Thes Sport,O15,0.843,,0.843,,miss,0-1,1,2026-09-30,2026-09-29
2026-09-30,2026-09-30 20:45,England,LS:england/southern-league-central-division,Southern League: Central Divison,Aylesbury United,Waltham Abbey,O25,0.698,,0.698,,hit,2-3,5,2026-09-30,2026-09-29
2026-09-30,2026-09-30 18:45,UEFA Women's Champions League,LS:uefa-women-s-champions-league/final-stage,Final Stage,Roma W,Barcelona W,O25,0.657,,0.657,,hit,0-6,6,2026-09-30,2026-09-29
2026-09-30,2026-09-30 20:45,England,LS:england/isthmian-league,Isthmian League Premier Division,Whyteleafe,Brentwood Town,O25,0.650,,0.650,,hit,1-2,3,2026-09-30,2026-09-29
2026-09-30,2026-09-30 20:45,England,LS:england/southern-premier-division-south,Southern League Premier: South,Frome Town,Taunton Town,O25,0.646,,0.646,,hit,2-2,4,2026-09-30,2026-09-29
2026-09-30,2026-09-30 19:45,Germany,LS:germany/oberliga-westfalen,Oberliga: Westfalen,SC Verl II,FC Gievenbeck,O25,0.644,,0.644,,hit,6-0,6,2026-09-30,2026-09-29
2026-09-30,2026-09-30 20:00,Belgium,LS:belgium/national-division-1-vv,National Division 1 VV,Roeselare,Thes Sport,O25,0.636,,0.636,,miss,0-1,1,2026-09-30,2026-09-29
2026-09-30,2026-09-30 20:45,England,LS:england/southern-league-central-division,Southern League: Central Divison,London Lions,Biggleswade Town,O25,0.625,,0.625,,miss,1-0,1,2026-09-30,2026-09-29
2026-09-30,2026-09-30 20:45,England,LS:england/isthmian-league,Isthmian League Premier Division,Whyteleafe,Brentwood Town,BTTS,0.661,,0.661,,hit,1-2,3,2026-09-30,2026-09-29
2026-09-30,2026-09-30 20:45,England,LS:england/southern-premier-division-south,Southern League Premier: South,Frome Town,Taunton Town,BTTS,0.650,,0.650,,hit,2-2,4,2026-09-30,2026-09-29
2026-09-30,2026-09-30 20:45,England,LS:england/southern-league-central-division,Southern League: Central Divison,London Lions,Biggleswade Town,BTTS,0.646,,0.646,,miss,1-0,1,2026-09-30,2026-09-29
2026-09-30,2026-09-30 20:00,England,LS:england/womens-league-cup,Women's League Cup,Birmingham City W,Liverpool W,BTTS,0.641,,0.641,,hit,3-4,7,2026-09-30,2026-09-29
2026-09-30,2026-09-30 20:45,England,LS:england/northern-premier-league-midlands-division,Northern Premier League: Midlands Division,Corby Town,Carlton Town,BTTS,0.637,,0.637,,miss,0-0,0,2026-09-30,2026-09-29
2026-09-30,2026-09-30 19:00,Sweden,LS:sweden/2-division-norrland-relegation-group,2.Division Norrland: Relegation Group,Umeaa FC Akademi,IFK Umeaa,BTTS,0.634,,0.634,,miss,6-0,6,2026-09-30,2026-09-29
2026-09-30,2026-09-30 20:45,England,EC,National League,Tamworth,Sutton,BTTS,0.633,,0.633,,miss,2-0,2,2026-09-30,2026-09-29
2026-09-30,2026-09-30 20:00,Belgium,LS:belgium/national-division-1-vv,National Division 1 VV,Roeselare,Thes Sport,BTTS,0.630,,0.630,,miss,0-1,1,2026-09-30,2026-09-29
2026-09-30,2026-09-30 20:45,England,LS:england/womens-league-cup,Women's League Cup,Brighton W,Tottenham Hotspur W,BTTS,0.629,,0.629,,miss,0-1,1,2026-09-30,2026-09-29
2026-09-30,2026-09-30 20:00,Switzerland,LS:switzerland/promotion-league,Promotion League,FC Kreuzlingen,SC Bruehl,BTTS,0.624,,0.624,,miss,3-0,3,2026-09-30,2026-09-29
2026-09-30,2026-09-30 20:45,England,LS:england/southern-league-central-division,Southern League: Central Divison,Aylesbury United,Waltham Abbey,BTTS,0.630,,0.630,,hit,2-3,5,2026-09-30,2026-09-29
2026-10-21,2026-10-21 19:00,Denmark,LS:denmark/kvinde-lp,Kvinde LP,Kolding IF W,Fortuna Hjoerring W,O15,0.972,,0.972,,pending,,,,2026-09-30
2026-10-17,2026-10-17 15:00,Norway,LS:norway/3-divisjon-group-6,3. Division: Group 6,Raade,Brumunddal,O15,0.972,,0.972,,pending,,,,2026-09-30
2026-10-17,2026-10-17 13:00,Germany,LS:germany/oberliga-bremen,Oberliga: Bremen,Blumenthaler SV,TS Woltmershausen,O15,0.971,,0.971,,pending,,,,2026-09-30
2026-11-01,2026-11-01 13:00,Norway,LS:norway/3-divisjon-group-6,3. Division: Group 6,Lillehammer FK,Brumunddal,O15,0.971,,0.971,,pending,,,,2026-09-30
2026-10-19,2026-10-19 19:00,Norway,LS:norway/3-divisjon-group-6,3. Division: Group 6,Sarpsborg 08 2,Bjoerkelangen,O15,0.970,,0.970,,pending,,,,2026-09-30
2026-10-03,2026-10-03 15:00,Norway,LS:norway/3-divisjon-group-6,3. Division: Group 6,Elverum,Bjoerkelangen,O15,0.970,,0.970,,hit,5-0,5,2026-10-03,2026-09-30
2026-11-22,2026-11-22 15:00,Germany,LS:germany/oberliga-bremen,Oberliga: Bremen,SV Hemelingen,SV Grohn,O15,0.970,,0.970,,pending,,,,2026-09-30
2026-11-08,2026-11-08 15:00,Germany,LS:germany/oberliga-bremen,Oberliga: Bremen,SV Hemelingen,Werder Bremen III,O15,0.969,,0.969,,pending,,,,2026-09-30
2026-10-21,2026-10-21 19:00,Denmark,LS:denmark/kvinde-lp,Kvinde LP,B93 W,Broendby W,O15,0.969,,0.969,,pending,,,,2026-09-30
2026-10-17,2026-10-17 16:00,Norway,LS:norway/3-division-group-3,3. Division: Group 3,Fana,FK Fyllingsdalen,O15,0.967,,0.967,,pending,,,,2026-09-30
2026-10-03,2026-10-03 13:00,Norway,LS:norway/3-division-group-5,3. Division: Group 5,Floeya,Bossekop,O15,0.967,,0.967,,hit,5-1,6,2026-10-03,2026-09-30
2026-11-01,2026-11-01 12:00,Germany,LS:germany/oberliga-bremen,Oberliga: Bremen,Geestemuende,SV Hemelingen,O15,0.967,,0.967,,pending,,,,2026-09-30
2026-11-15,2026-11-15 09:00,Philippines,LS:philippines/pfl,PFL,Mendiola FC 1991,Kaya FC,O15,0.966,,0.966,,pending,,,,2026-09-30
2026-10-08,2026-10-08 17:00,Norway,LS:norway/womens-cup,Women's Cup,Klepp W,Viking W,O15,0.966,,0.966,,pending,,,,2026-09-30
2026-10-17,2026-10-17 15:00,Germany,LS:germany/oberliga-bremen,Oberliga: Bremen,Vatan Sport Bremen,SV Hemelingen,O15,0.964,,0.964,,pending,,,,2026-09-30
2026-10-21,2026-10-21 19:00,Denmark,LS:denmark/kvinde-lp,Kvinde LP,Kolding IF W,Fortuna Hjoerring W,O25,0.906,,0.906,,pending,,,,2026-09-30
2026-10-17,2026-10-17 15:00,Norway,LS:norway/3-divisjon-group-6,3. Division: Group 6,Raade,Brumunddal,O25,0.904,,0.904,,pending,,,,2026-09-30
2026-10-17,2026-10-17 13:00,Germany,LS:germany/oberliga-bremen,Oberliga: Bremen,Blumenthaler SV,TS Woltmershausen,O25,0.903,,0.903,,pending,,,,2026-09-30
2026-11-01,2026-11-01 13:00,Norway,LS:norway/3-divisjon-group-6,3. Division: Group 6,Lillehammer FK,Brumunddal,O25,0.901,,0.901,,pending,,,,2026-09-30
2026-10-19,2026-10-19 19:00,Norway,LS:norway/3-divisjon-group-6,3. Division: Group 6,Sarpsborg 08 2,Bjoerkelangen,O25,0.900,,0.900,,pending,,,,2026-09-30
2026-10-03,2026-10-03 15:00,Norway,LS:norway/3-divisjon-group-6,3. Division: Group 6,Elverum,Bjoerkelangen,O25,0.900,,0.900,,hit,5-0,5,2026-10-03,2026-09-30
2026-11-22,2026-11-22 15:00,Germany,LS:germany/oberliga-bremen,Oberliga: Bremen,SV Hemelingen,SV Grohn,O25,0.899,,0.899,,pending,,,,2026-09-30
2026-11-08,2026-11-08 15:00,Germany,LS:germany/oberliga-bremen,Oberliga: Bremen,SV Hemelingen,Werder Bremen III,O25,0.897,,0.897,,pending,,,,2026-09-30
2026-10-21,2026-10-21 19:00,Denmark,LS:denmark/kvinde-lp,Kvinde LP,B93 W,Broendby W,O25,0.896,,0.896,,pending,,,,2026-09-30
2026-10-17,2026-10-17 16:00,Norway,LS:norway/3-division-group-3,3. Division: Group 3,Fana,FK Fyllingsdalen,O25,0.892,,0.892,,pending,,,,2026-09-30
2026-11-15,2026-11-15 09:00,Philippines,LS:philippines/pfl,PFL,Mendiola FC 1991,Kaya FC,O25,0.891,,0.891,,pending,,,,2026-09-30
2026-11-01,2026-11-01 12:00,Germany,LS:germany/oberliga-bremen,Oberliga: Bremen,Geestemuende,SV Hemelingen,O25,0.890,,0.890,,pending,,,,2026-09-30
2026-10-03,2026-10-03 13:00,Norway,LS:norway/3-division-group-5,3. Division: Group 5,Floeya,Bossekop,O25,0.890,,0.890,,hit,5-1,6,2026-10-03,2026-09-30
2026-10-08,2026-10-08 17:00,Norway,LS:norway/womens-cup,Women's Cup,Klepp W,Viking W,O25,0.888,,0.888,,pending,,,,2026-09-30
2026-11-04,2026-11-04 14:30,Philippines,LS:philippines/pfl,PFL,Manila Digger,Tuloy,O25,0.884,,0.884,,pending,,,,2026-09-30
2026-10-17,2026-10-17 12:00,Norway,LS:norway/3-division-group-5,3. Division: Group 5,Kongsvinger 2,Fauske/Sprint,BTTS,0.822,,0.822,,pending,,,,2026-09-30
2026-10-24,2026-10-24 14:00,Norway,LS:norway/3-division-group-5,3. Division: Group 5,Lillestroem 2,Floeya,BTTS,0.821,,0.821,,pending,,,,2026-09-30
2026-10-12,2026-10-12 17:45,Norway,LS:norway/3-divisjon-group-2,3. Division: Group 2,Ranheim 2,Molde 2,BTTS,0.817,,0.817,,pending,,,,2026-09-30
2026-10-18,2026-10-18 13:30,Norway,LS:norway/3-division-group-5,3. Division: Group 5,Ulfstind,Lillestroem 2,BTTS,0.813,,0.813,,pending,,,,2026-09-30
2026-10-04,2026-10-04 11:00,Norway,LS:norway/3-division-group-5,3. Division: Group 5,Skjervoey,Fauske/Sprint,BTTS,0.812,,0.812,,pending,,,,2026-09-30
2026-11-15,2026-11-15 12:00,Germany,LS:germany/oberliga-bremen,Oberliga: Bremen,Geestemuende,SG Aumund-Vegesack,BTTS,0.812,,0.812,,pending,,,,2026-09-30
2026-11-28,2026-11-28 13:00,England,LS:england/premier-league-u18,Premier League U18,Ipswich Town U18,Norwich City U18,BTTS,0.808,,0.808,,pending,,,,2026-09-30
2026-10-17,2026-10-17 12:00,England,LS:england/premier-league-u18,Premier League U18,AFC Bournemouth U18,Norwich City U18,BTTS,0.805,,0.805,,pending,,,,2026-09-30
2026-10-18,2026-10-18 11:00,Germany,LS:germany/oberliga-bremen,Oberliga: Bremen,Geestemuende,FC Union 60,BTTS,0.805,,0.805,,pending,,,,2026-09-30
2026-10-25,2026-10-25 14:00,Norway,LS:norway/3-division-group-5,3. Division: Group 5,Fauske/Sprint,Bossekop,BTTS,0.803,,0.803,,pending,,,,2026-09-30
2026-11-03,2026-11-03 15:00,England,LS:england/premier-league-u18,Premier League U18,Fulham U18,Norwich City U18,BTTS,0.802,,0.802,,pending,,,,2026-09-30
2026-10-19,2026-10-19 19:00,Norway,LS:norway/3-division-group-1,3. Division: Group 1,KFUM 2,Frigg,BTTS,0.802,,0.802,,pending,,,,2026-09-30
2026-10-11,2026-10-11 15:00,Norway,LS:norway/3-division-group-5,3. Division: Group 5,Fauske/Sprint,Harstad,BTTS,0.802,,0.802,,pending,,,,2026-09-30
2026-11-01,2026-11-01 13:00,Norway,LS:norway/3-division-group-1,3. Division: Group 1,Grei,Vaalerenga IF 2,BTTS,0.801,,0.801,,pending,,,,2026-09-30
2026-11-28,2026-11-28 14:00,England,LS:england/premier-league-u18,Premier League U18,Southampton U18,West Ham United U18,BTTS,0.801,,0.801,,pending,,,,2026-09-30
2026-11-20,2026-11-20 20:00,Germany,LS:germany/oberliga-bremen,Oberliga: Bremen,OSC Bremerhaven,Geestemuende,O15,0.964,,0.964,,pending,,,,2026-09-30
2026-10-17,2026-10-17 15:00,Germany,LS:germany/oberliga-bremen,Oberliga: Bremen,Vatan Sport Bremen,SV Hemelingen,O25,0.884,,0.884,,pending,,,,2026-09-30
2026-10-07,2026-10-07 14:00,Norway,LS:norway/womens-cup,Women's Cup,Klepp W,Viking W,O15,0.966,,0.966,,pending,,,,2026-09-30
2026-10-07,2026-10-07 14:00,Norway,LS:norway/womens-cup,Women's Cup,Klepp W,Viking W,O25,0.888,,0.888,,pending,,,,2026-09-30
2026-11-04,2026-11-04 14:30,Philippines,LS:philippines/pfl,PFL,Manila Digger,Tuloy,O15,0.964,,0.964,,pending,,,,2026-10-01
2026-11-08,2026-11-08 11:45,Philippines,LS:philippines/pfl,PFL,Davao Aguilas,Philippine Army,O15,0.972,,0.972,,pending,,,,2026-10-01
2026-11-08,2026-11-08 09:00,Philippines,LS:philippines/pfl,PFL,Stallion Laguna FC,Mendiola FC 1991,O15,0.967,,0.967,,pending,,,,2026-10-01
2026-10-24,2026-10-24 13:00,England,LS:england/premier-league-u18,Premier League U18,Chelsea U18,Ipswich Town U18,O15,0.966,,0.966,,pending,,,,2026-10-01
2026-11-08,2026-11-08 11:45,Philippines,LS:philippines/pfl,PFL,Davao Aguilas,Philippine Army,O25,0.904,,0.904,,pending,,,,2026-10-01
2026-11-08,2026-11-08 09:00,Philippines,LS:philippines/pfl,PFL,Stallion Laguna FC,Mendiola FC 1991,O25,0.891,,0.891,,pending,,,,2026-10-01
2026-10-24,2026-10-24 13:00,England,LS:england/premier-league-u18,Premier League U18,Chelsea U18,Ipswich Town U18,O25,0.889,,0.889,,pending,,,,2026-10-01
2026-10-03,2026-10-03 13:00,Norway,LS:norway/3-division-group-1,3. Division: Group 1,Frigg,Gamle Oslo,BTTS,0.804,,0.804,,hit,1-1,2,2026-10-03,2026-10-01
2026-11-01,2026-11-01 13:00,Norway,LS:norway/3-division-group-5,3. Division: Group 5,Skjervoey,Lillestroem 2,BTTS,0.804,,0.804,,pending,,,,2026-10-01
2026-10-10,2026-10-10 14:00,Norway,LS:norway/3-division-group-1,3. Division: Group 1,Vaalerenga IF 2,Frigg,BTTS,0.803,,0.803,,pending,,,,2026-10-01
2026-10-17,2026-10-17 13:30,England,LS:england/premier-league-u18,Premier League U18,West Ham United U18,Aston Villa U18,BTTS,0.802,,0.802,,pending,,,,2026-10-03
2026-10-31,2026-10-31 13:00,England,LS:england/premier-league-u18,Premier League U18,Fulham U18,Southampton U18,BTTS,0.801,,0.801,,pending,,,,2026-10-03
2026-10-31,2026-10-31 14:00,Germany,LS:germany/oberliga-bremen,Oberliga: Bremen,BTS Neustadt,FC Union 60,BTTS,0.801,,0.801,,pending,,,,2026-10-03
2026-11-20,2026-11-20 20:00,Germany,LS:germany/oberliga-bremen,Oberliga: Bremen,OSC Bremerhaven,Geestemuende,O25,0.887,,0.887,,pending,,,,2026-10-04
